,DmelOrco,BdorOrco,BminOrco,AaOrco,AalOrco,CqOrco,TaOrco,AgOrco,DmelOr85e,DmelOr9a,DmelOr47a,DmelOr45a,DmelOr82a,BdorOr82a,AgOr31,CqOr95,AgOr32,AgOr35,DmelOr10a,DmelOr45b,AgOr38,AgOr39,DmelOr13a,BdorOr13a,BminOr3,DmelOr35a,DmelOr74a,DmelOr67a,DmelOr85d,DmelOr85b,DmelOr85c,DmelOr67c,DmelOr92a,DmelOr69a,BminOr16,BdorOr88a,AgOr8,AaOr8,CqOr118,TaOr8,CqOr114,AgOr6,AaOr4,TaOr4,AgOr4,AgOr20,AgOr21,AgOr50,AgOr5,AgOr18,AgOr13,AgOr15,AgOr16,AgOr46,AgOr30,AgOr29,AgOr53,AaOr14,AaOr15,CqOr1,CqOr4,CqOr5,CqOr84,CqOr37,CqOr99,CqOr32,CqOr36,AgOr48,AgOr26,AgOr56,AgOr57,AgOr27,CqOr73,DmelOr67b,BminOr12,DmelOr83c,DmelOr30a,DmelOr49b,AgOr2,AaOr2,AalOr2,TaOr2,CqOr2,AgOr10,AaOr10,AalOr10,TaOr10,CqOr10,AaOr9,DmelOr43a,DmelOr56a,AgOr11,AalOr11,AaOr11,AgOr59,CqOr136,CqOr44,AalOr88,AgOr64,AgOr75,BdorOr94b,DmelOr46a,DmelOr71a,DmelOr94a,DmelOr94b,AgOr1,AgOr9,AgOr65,DmelOr19a,DmelOr33c,DmelOr59a,BminOr24,DmelOr7a,DmelOr22a,DmelOr98a,DmelOr85a,DmelOr42b,DmelOr42a,DmelOr43b
DmelOrco,100,90.422,89.641,86.843,76.781,88.779,88.32,92.965,52.499,65.7,74.101,66.469,59.961,65.832,68.323,60.67,54.44,65.508,60.272,64.591,65.83,65.436,64.085,54.683,56.714,51.988,55.831,67.138,63.338,66.595,66.701,64.328,68.429,59.903,65.012,59.407,65.712,58.151,63.029,67.2,63.898,67.311,65.173,65.62,62.11,62.084,61.893,61.244,63.635,60.711,64.558,65.04,61.245,61.549,65.048,59.666,59.091,58.987,67.131,65.01,66.453,61.904,63.019,65.633,65.219,64.272,60.511,65.193,63.051,62.511,66.322,59.178,66.47,62.137,60.339,56.968,71.875,69.849,75.411,72.755,69.214,70.498,81.252,71.479,69.35,71.082,73.268,74.082,75.684,76.865,54.217,59.376,58.621,61.509,49.469,37.561,50.814,48.891,40.678,49.274,67.822,66.902,64.64,66.138,70.758,65.723,61.224,57.555,66.938,52.536,57.859,63.445,59.334,61.507,63.151,63.707,60.77,59.146,60.66
BdorOrco,88.108,100,90.311,86.25,86.814,88.958,88.924,90.886,52.504,68.789,74.331,66.823,59.049,65.507,68.604,61.266,55.346,64.979,60.799,65.062,68.805,65.82,63.452,57.799,54.067,53.242,56.433,67.214,63.623,66.919,66.613,64.463,67.149,59.722,65.181,59.881,66.013,58.384,63.221,66.884,63.742,66.746,65.158,65.551,61.492,61.243,61.95,60.852,62.715,59.377,64.496,64.475,61.916,60.812,64.119,59.156,58.681,57.237,68.855,66.354,65.89,61.51,66.831,68.117,64.282,63.752,60.846,65.115,62.538,62.936,65.863,59.312,64.95,63.136,59.933,57.303,72.052,71.13,74.465,73.291,69.309,71.473,81.155,72.63,68.615,72.926,73.643,74.482,78.931,78.723,56.076,61.04,58.81,60.033,49.523,37.598,50.774,49.255,40.836,49.288,68.155,67.736,64.941,66.73,72.946,62.492,61.202,60.111,66.356,53.439,57.887,63.977,62.124,62.744,64.229,65.611,59.4,59.989,61.717
BminOrco,87.78,90.956,100,85.634,90.499,86.632,94.908,88.996,52.504,68.976,71.9,65.056,58.743,65.464,68.333,61.495,56.015,65.256,58.657,65.954,66.165,64.729,62.817,55.182,56.609,51.783,55.099,66.086,62.79,66.678,66.655,64.723,66.3,60.776,63.007,59.56,65.76,58.114,63.164,67.371,63.591,67.569,65.127,64.981,61.184,60.252,61.067,59.449,63.633,57.751,64.505,64.544,62.07,60.145,64.513,59.964,59.513,57.06,68.366,66.072,65.356,61.763,63.372,65.768,64.43,63.33,61.257,64.916,63.219,63.632,65.544,59.821,63.681,64.383,60.012,56.787,68.866,68.904,73.292,72.07,67.927,70.011,81.094,71.744,67.359,69.59,73.278,73.382,75.528,73.249,53.86,59.261,58.586,60.204,49.178,37.744,50.604,48.614,40.958,48.83,67.496,66.23,64.831,65.912,70.534,64.683,56.756,56.051,63.651,52.893,58.708,63.642,60.498,60.305,60.06,63.47,58.865,60.482,60.816
AaOrco,85.505,87.112,86.315,100,84.449,86.718,87.131,86.867,52.059,68.092,73.922,65.903,58.494,65.674,68.338,62.311,54.077,64.798,60.071,64.308,66.845,63.983,62.644,55.177,54.344,51.676,53.374,65.587,63.193,66.473,66.576,63.892,67.363,60.482,64.402,58.569,64.879,57.391,62.563,66.36,64.151,67.509,64.183,64.918,61.458,61.812,64.154,61.144,63.179,60.164,64.05,64.725,61.82,61.214,64.456,59.907,58.539,58.236,68.855,65.213,66.291,62.613,65.084,66.075,63.967,63.773,58.501,64.907,62.675,62.301,65.487,59.222,64.876,64.023,59.756,57.9,71.151,69.974,73.683,71.787,68.005,69.094,79.762,71.238,68.855,70.913,72.991,73.589,75.318,76.503,56.36,59.307,58.417,62.46,49.597,37.558,51.597,48.942,40.187,49.188,67.73,66.238,64.46,65.692,69.831,64.615,56.623,57.486,66.535,52.441,58.185,64.385,59.127,61.415,63.519,63.696,59.886,58.268,61.694
AalOrco,73.388,85.454,88.281,81.639,100,83.311,88.743,74.964,53.024,65.332,72.006,62.93,60.123,65,68.337,62.597,54.641,64.885,60.212,62.1,64.763,62.862,63.108,57.312,56.333,50.857,53.348,64.901,63.598,64.52,66.098,62.742,64.682,59.363,61.046,58.008,64.237,57.56,62.878,65.813,65.899,66.163,62.322,63.633,62.073,61.208,62.716,61.413,64.012,61.459,65.438,67.081,63.026,63.949,64.643,61.195,61.036,58.526,76.442,67.816,69.025,62.54,66.096,75.099,66.161,65.871,58.805,64.117,62.411,62.891,65.15,59.279,63.032,63.895,60.225,54.932,67.693,68.313,69.856,71.633,67.413,70.331,73.448,68.951,67.606,71.598,71.916,73.282,72.699,71.707,53.289,57.129,57.867,58.549,49.057,37.808,51.159,47.623,41.161,48.932,67.397,64.746,62.878,63.271,66.088,60.585,58.68,56.629,68.215,53.358,59.304,66.562,59.965,59.675,60.297,66.301,58.507,60.411,61.148
CqOrco,87.597,90.264,87.297,86.807,86.176,100,87.173,89.562,52.111,67.898,73.972,65.555,58.591,65.165,68.309,59.367,54.708,65.092,60.292,65.158,66.96,65.424,62.993,58.011,57.916,52.075,55.297,66.936,63.668,66.54,66.642,64.353,66.939,61.124,64.708,59.455,64.193,57.062,61.719,65.887,63.985,66.225,64.641,65.3,61.802,61.5,61.846,61.279,63.133,58.744,63.767,64.284,61.174,60.724,64.335,59.67,59.354,58.994,68.134,65.056,66.262,62.42,64.72,66.45,65.763,63.879,60.453,64.662,62.259,62.446,65.763,58.836,65.217,63.703,60.26,57.306,72.114,71.089,73.81,72.218,68.403,69.496,80.2,70.378,68.946,69.242,72.402,73.161,80.135,81.44,57.092,60.005,59.117,62.583,50.14,37.351,51.642,48.893,41.479,49.377,68.302,66.404,63.688,66.12,70.755,61.813,57.616,59.349,66.713,52.285,58.282,64.666,61.825,61.413,63.93,64.477,59.01,58.431,61.282
TaOrco,87.154,89.121,95.044,87.349,91.478,86.793,100,88.865,52.506,68.188,73.193,65.881,58.847,65.081,68.587,61.893,54.33,63.574,57.009,65.681,65.1,64.154,62.531,58.881,57.488,51.698,54.96,66.763,63.217,65.908,66.882,64.566,67.133,61.466,64.32,59.292,64.939,57.518,62.578,66.498,64.48,65.935,64.436,64.753,60.863,61.112,62.443,60.264,63.449,59.319,64.216,64.792,62.443,59.847,64.53,60.127,59.345,57.885,68.228,65.363,66.301,62.327,65.346,65.845,70.091,64.474,60.69,64.549,63.056,63.453,66.224,58.156,66.42,64.612,60.325,56.203,72.615,68.374,74.899,72.237,68.454,70.135,80.282,73.172,67.203,69.579,73.41,73.603,75.229,73.432,54.594,59.845,58.778,59.142,49.973,38.331,49.338,48.638,40.327,49.361,67.732,66.764,64.332,65.967,70.938,62.025,59.723,55.542,67.18,52.503,57.782,64.468,58.723,62.363,62.528,64.487,59.545,61.094,60.667
AgOrco,91.151,91.975,89.162,86.403,77.083,89.185,89.206,100,50.171,67.248,71.089,64.351,57.504,64.44,66.716,61.386,53.939,63.982,60.329,63.942,66.834,64.746,60.868,54.246,53.682,51.079,56.057,65.649,61.95,64.676,65.852,63.787,64.48,59.589,62.844,58.183,63.381,55.781,60.566,64.667,62.82,65.357,63.209,63.027,60.307,60.325,59.122,59.569,59.662,58.606,63.228,63.492,60.489,60.668,60.521,58.706,57.336,58.235,65.845,61.66,65.028,58.374,62.09,64.441,66.57,63.015,59.234,64.215,58.915,57.196,62.395,57.376,64.116,61.075,58.899,56.933,68.876,70.295,74.109,71.292,66.851,66.941,73.487,68.72,68.109,69.862,70.163,72.529,76.675,77.422,56.431,59.033,58.066,59.008,48.927,37.214,49.704,48.542,41.048,49.299,67.704,65.93,62.313,63.698,69.213,61.706,57.625,57.579,66.535,52.577,56.484,63.638,61.119,59.87,61.337,63.51,57.747,56.982,57.563
DmelOr85e,50.127,51.455,51.436,50.587,53.073,49.962,50.926,49.296,100,57.665,68.04,78.912,63.385,70.804,74.463,66.752,67.02,68.121,56.972,61.978,61.021,69.493,68.954,72.37,64.112,63.286,62.12,64.695,56.92,74.006,68.568,65.987,63.357,58.655,58.045,52.142,76.782,67.538,70.547,77.637,62.355,63.758,64.876,60.154,54.865,60.704,58.301,58.36,53.174,59.568,62.096,62.967,61.475,57.761,61.194,55.296,53.3,53.812,62.39,62.27,63.372,57.365,56.261,62.421,60.01,60.498,56.725,55.829,63.175,63.186,64.532,57.745,61.239,62.397,69.272,48.621,67.195,64.028,63.339,64.66,59.82,67.475,66.761,66.866,66.356,68.868,70.123,69.8,65.916,62.651,58.413,58.513,60.499,57.691,54.051,45.085,48.607,53.972,42.118,49.191,63.186,71.74,65.907,64.568,65.568,61.859,55.933,56.137,65.085,65.288,66.239,60.477,57.668,63.164,62.968,62.502,64.292,62.355,58.907
DmelOr9a,55.783,58.493,56.347,55.119,53.595,57.667,56.541,55.839,49.799,100,92.997,83.198,64.241,77.799,88.915,66.763,64.481,77.3,78.762,83.836,80.203,78.194,59.885,56.489,57.323,52.534,55.759,75.871,68.078,82.538,82.813,78.846,76.484,78.97,77.964,65.183,69.213,63.083,70.383,71.938,67.746,82.344,77.123,81.274,52.451,58.98,60.746,60.373,61.144,56.464,63.986,64.326,62.778,59.807,62.156,59.691,60.673,59.378,63.8,64.419,64.719,61.508,61.74,63.455,61.009,62.041,61.037,62.105,56.663,56.256,60.406,52.561,55.484,61.534,70.001,69.952,81.844,80.397,79.068,81.162,79.398,83.872,82.835,73.193,70.006,79.426,78.889,77.277,78.501,78.679,57.945,62.531,68.138,71.363,49.621,39.423,46.542,46.719,37.152,51.635,74.973,77.392,69.02,68.353,75.934,72.006,58.874,58.19,72.64,54.381,56.541,58.909,58.83,59.952,57.224,58.4,54.552,59.839,54.227
DmelOr47a,57.275,58.449,58.086,57.93,59.499,57.862,57.403,57.113,56.452,90.892,100,84.805,69.614,78.674,86.215,69.455,62.546,75.82,81.996,82.497,79.744,80.013,61.708,58.504,59.769,53.374,56.635,79.548,73.783,82.891,82.087,78.295,78.83,81.415,76.198,60.568,72.532,66.883,78.7,77.932,76.207,82.993,79.661,80.566,52.935,60.664,62.61,58.309,60.108,56.217,64.275,62.743,64.846,59.178,62.127,60.509,61.452,68.228,71.819,66.248,64.738,61.126,61.533,64.968,62.802,60.418,63.037,63.574,56.041,56.206,56.346,53.275,60.901,69.313,63.444,62.567,79.806,79.172,75.985,77.684,76.794,81.88,79.663,76.388,69.678,78.037,78.732,77.004,77.422,75.248,55.648,68.574,70.122,65.446,53.366,45.911,51.253,48.681,38.501,57.52,74.769,76.037,65.321,70.92,74.492,71.347,62.742,62.38,72.093,55.05,54.381,63.414,59.573,64.935,64.088,64.394,61.997,66.552,55.1
DmelOr45a,51.817,53.214,52.753,52.48,51.855,52.342,51.845,50.872,63.713,79.213,83.12,100,75.169,81.799,87.317,71.793,75.602,82.134,76.341,79.038,76.23,76.596,75.897,63.438,67.998,60.627,61.616,79.908,71.322,85.487,85.19,81.366,77.369,77.236,72.723,60.742,82.345,72.134,77.848,83.863,64.493,83.507,82.867,81.201,51.865,59.608,60.408,59.015,58.78,60.182,65.36,66.431,64.197,57.264,58.001,57.501,53.773,56.201,61.876,61.819,62.147,56.815,57.789,62.551,61.162,62.635,61.933,59.721,60.435,61.231,63.181,53.959,58.474,74.405,74.69,55.884,81.779,79.044,76.207,76.98,75.247,84.271,80.458,78.431,77.12,82.615,80.275,79.421,75.816,71.772,68.183,68.02,74.517,62.006,50.111,39.952,52.346,51.386,38.197,48.853,72.436,81.069,80.271,77.281,78.757,69.909,63.917,66.193,74.127,61.368,59.927,59.423,58.263,61.773,59.75,60.467,59.664,65.051,56.909
DmelOr82a,47.819,48.959,48.165,47.49,50.751,47.535,48.253,46.372,51.974,63.323,70.014,74.01,100,86.861,86.308,82.525,68.209,79.618,68.74,63.255,59.885,64.939,70.28,62.141,60.561,56.537,59.929,62.488,61.774,63.223,66.979,72.492,62.961,59.224,58.338,55.131,76.507,68.078,73.509,78.912,64.317,66.131,75.03,62.643,53.153,54.724,55.352,56.154,57.084,55.084,58.26,59.184,57.064,54.947,59.031,59.094,54.279,56.035,59.585,59.136,58.118,55.857,57.478,55.908,56.925,56.855,54.11,56.489,61.149,61.74,63.714,56.367,61.76,60.32,64.143,50.019,62.554,69.113,64.893,65.878,61.961,76.062,66.61,67.267,66.313,67.321,67.296,65.852,65.591,62.046,62.035,57.462,57.923,56.959,52.294,40.096,46.679,48.08,40.346,49.661,59.137,62.681,76.57,61.811,62.647,57.341,60.307,59.269,63.814,68.263,60.941,60.936,52.521,57.927,56.815,60.158,56.655,60.019,53.835
BdorOr82a,54.542,55.601,54.891,54.993,56.292,54.799,54.922,53.657,63.67,78.306,82.74,86.1,89.979,100,88.047,83.613,68.881,81.759,78.999,69.82,75.925,77.66,73.579,70.004,69.601,56.969,58.598,75.336,75.618,78.969,79.965,80.957,77.253,69.355,65.202,60.556,81.63,71.744,78.641,83.075,65.806,80.765,82.737,75.638,55.388,58.863,59.23,61.051,60.723,57.492,64.345,63.89,59.754,58.988,63.609,64.084,57.811,59.732,65.667,64.254,64.657,60.536,62.688,61.655,58.835,60.839,58.259,62.981,65.56,64.776,67.437,59.828,63.57,76.001,69.402,55.63,79.328,83.356,79.787,79.432,75.931,84.206,82.134,83.419,82.86,84.247,83.392,83.057,80.718,76.452,63.628,73.199,72.508,64.259,57.348,41.936,52.691,49.939,41.468,49.404,74.191,78.334,79.94,79.492,75.177,66.635,69.992,65.023,76.459,65.275,67.459,73.28,61.265,71.429,64.167,70.83,61.286,71.177,59.619
AgOr31,52.743,54.221,53.846,51.566,54.61,52.804,53.524,51.812,63.012,84.412,83.203,85.88,83.644,82.424,100,85.585,85.933,92.256,77.984,81.755,78.542,80.566,78.574,72.295,71.401,62.007,63.639,78.186,74.479,83.451,83.833,81.274,77.925,78.356,72.983,71.747,83.256,72.496,78.692,84.483,66.285,81.948,81.915,79.684,54.702,57.374,59.89,60.207,59.252,59.773,61.387,61.582,61.134,62.462,64.072,60.497,58.16,61.905,63.93,63.377,62.387,58.261,58.952,63.648,62.157,63.354,62.363,59.577,64.095,62.552,64.624,58.206,64.018,65.927,74.061,59.332,83.438,83.509,79.184,82.363,78.576,85.609,83.952,78.288,75.551,81.774,80.439,78.466,81.234,75.951,60.624,66.164,76.29,69.118,55.611,44.931,50.21,51.214,43.981,51.954,77.726,82.997,82.381,77.155,79.582,72.912,67.148,67.219,78.008,64.33,68.078,65.69,58.918,65.475,59.94,63.926,67.367,69.822,60.259
CqOr95,47.899,49.01,49.001,48.408,52.005,48.379,48.707,48.115,57.015,64.902,70.32,73.004,82.191,80.602,88.225,100,79.357,83.757,66.17,68.061,69.414,76.15,67.004,63.868,62.58,52.725,57.683,60.084,63.747,63.939,69.63,66.357,60.954,62.225,64.171,55.861,75.578,67.431,73.985,76.913,60.1,67.872,75.653,69.956,56.812,55.457,57.647,58.211,59.953,59.375,61.503,61.62,60.312,60.045,60.907,61.266,56.003,61.302,61.485,61.864,61.002,57.276,58.657,58.63,59.055,59.346,58.078,58.947,60.704,59.626,60.72,59.111,61.45,60.752,61.683,49.671,65.338,78.959,77.307,79.113,69.911,77.759,79.88,79.34,78.72,79.492,78.962,77.164,78.699,66.282,56.375,57.698,60.457,57.951,51.925,43.495,48.174,48.933,39.533,52.071,60.279,64.063,66.29,61.363,65.454,59.023,53.429,53.17,65.986,58.364,61.679,67.002,54.836,58.813,59.758,67.663,58.667,66.21,56.496
AgOr32,43.227,46.527,46.084,45.051,44.768,43.745,43.746,43.129,55.454,62.105,64.474,74.541,67.767,66.432,88.539,78.391,100,95.247,55.158,71.119,63.236,67.004,67.052,60.245,60.191,61.871,62.659,64.266,58.696,65.789,74.839,63.678,59.986,65.66,60.988,59.765,69.149,69.214,68.872,80.344,58.517,69.355,64.436,65.19,54.364,58.321,59.058,58.28,51.676,57.619,58.126,58.852,59.909,60.416,61.041,57.587,57.1,53.103,56.308,58.567,58.94,53.48,52.172,59.546,58.997,62.057,59.781,56.189,62.88,61.384,62.791,57.772,59.577,57.338,63.137,52.653,66.808,72.525,61.229,63.207,59.636,75.128,66.489,62.809,60.906,63.625,63.639,63.069,63.634,61.187,56.041,59.186,62.281,58.694,52.359,44.183,47.564,53.569,41.653,48.294,61.478,70.644,73.017,63.819,64.683,63.613,56.117,56.259,63.434,66.167,64.098,58.344,51.308,59.889,56.74,62.294,61.191,60.069,57.083
AgOr35,48.779,51.705,51.18,49.559,52.856,49.359,49.795,48.311,54.478,76.976,74.283,81.485,77.164,77.054,93.357,82.226,93.262,100,64.445,80.251,75.055,78.887,75.089,64.418,63.223,60.812,64.042,66.052,67.181,81.872,82.05,79.655,65.465,69.172,67.571,73.069,71.443,71.038,72.901,82.515,61.373,79.164,80.683,77.69,56.012,58.601,61.249,60.315,55.76,58.004,59.643,59.806,60.651,62.713,63.521,61.074,58.292,55.381,60.162,60.372,60.608,56.994,56.174,61.163,61.423,62.138,61.053,58.958,61.862,60.131,61.323,57.717,61.806,61.189,67.15,58.425,79.018,84.116,73.778,81.121,76.48,84.642,82.337,70.154,70.343,73.943,74.487,73.427,72.484,70.133,60.147,62.312,64.54,61.962,52.629,43.594,51.272,51.515,40.53,52.944,66.202,80.488,78.085,66.607,67.078,62.2,60.39,60.066,64.466,64.524,64.312,59.357,56.6,61.202,58.876,65.146,60.816,64.422,57.461
DmelOr10a,50.088,50.864,49.961,49.139,50.748,50.255,50.863,51.086,48.416,81.146,86.826,79.876,73.781,79.849,85.412,70.136,60.189,69.388,100,90.253,79.806,82.265,74.823,59.754,66.684,56.253,55.738,76.758,78.171,78.522,78.634,78.963,74.99,67.882,70.852,58.909,76.442,69.278,79.246,80.063,76.359,83.6,81.43,80.117,50.879,56.633,56.329,57.309,57.163,53.18,59.248,58.448,57.433,57.523,59.187,57.222,55.36,56.338,61.678,59.832,58.151,56.587,56.476,60.166,59.026,57.726,56.543,59.045,56.198,55.67,57.047,52.922,59.056,64.986,63.687,55.907,79.999,82.399,66.815,69.06,66.171,82.206,77.471,67.602,65.221,68.275,68.59,68.657,76.383,68.049,59.84,61.74,71.127,63.461,54.198,43.943,49.809,48.622,39.49,51.084,79.366,75.518,73.091,74.769,76.167,73.158,67.067,63.299,74.627,53.616,61.002,62.187,59.754,67.482,60.383,64.488,57.728,66.223,57.619
DmelOr45b,53.324,54.566,53.846,54.12,54.135,54.034,53.848,53.317,52.004,84.691,85.264,83.379,65.428,75.456,87.425,71.158,65.9,85.025,87.929,100,82.837,82.759,70.923,65.857,68.486,57.513,58.059,80.874,78.798,84.482,83.597,80.828,80.665,69.018,74.936,59.663,80.71,69.85,77.628,81.68,68.022,82.322,78.966,82.418,49.463,55.985,54.444,55.39,55.564,53.688,57.059,58.601,57.145,56.455,60.084,55.32,53.109,54.799,59.413,56.905,56.382,53.772,53.544,58.732,57.42,57.868,58.189,57.734,56.909,56.39,58.585,53.495,55.773,61.943,63.622,54.204,84.156,84.809,73.34,70.458,76.788,83.865,81.007,71.964,69.875,74.31,73.479,72.451,73.746,72.986,61.046,68.692,76.123,65.938,52.056,41.919,52.958,50.919,41.353,49.899,77.512,78.035,70.768,76.116,76.637,73.346,66.617,69.565,66.991,56.652,60.355,61.065,63.109,63.173,59.64,62.068,59.914,60.924,57.935
AgOr38,54.034,55.981,54.825,56.47,57.168,55.956,54.702,56.133,56.876,81.789,84.205,80.859,63.738,69.815,86.465,69.489,68.103,77.114,80.585,84.99,100,95.812,63.227,58.609,58.17,58.307,56.15,79.322,68.511,81.581,73.358,70.438,77.205,73.885,69.788,61.153,66.257,60.108,65.472,69.412,64.164,72.413,69.094,69.885,56.735,61.274,64.743,62.886,57.105,60.334,63.682,64.212,63.138,61.695,64.324,62.468,61.665,56.635,58.102,59.788,60.322,57.915,57.447,63.097,65.052,62.687,62.822,62.744,57.081,53.595,55.615,52.499,62.108,65.786,63.169,58.495,86.003,85.167,81.219,81.595,74.455,82.107,85.084,73.389,68.564,79.724,80.278,79.971,84.694,85.967,55.139,60.953,62.616,63.078,49.361,44.96,50.884,52.848,39.831,48.355,65.089,73.385,62.892,72.634,76.543,69.194,59.809,57.758,63.662,54.881,59.87,63.038,61.912,64.548,63.662,71.148,61.589,67.852,58.639
AgOr39,54.115,55.05,56.599,55.319,55.329,54.617,59.012,54.481,59.294,81.091,84.618,82.755,67.367,79.291,88.172,81.17,70.523,85.804,82.487,85.059,96.047,100,67.229,60.666,59.671,57.892,57.531,78.489,76.961,82.078,80.716,70.969,75.022,77.167,73.175,62.716,68.897,64.019,71.571,71.29,65.199,79.274,76.18,73.226,59.143,62.2,68.036,65.521,58.959,61.915,65.852,65.443,65.263,64.297,65.705,63.632,61.972,57.522,63.183,61.954,61.718,59.137,55.686,63.457,65.049,63.973,63.887,63.402,59.732,57.783,58.263,57.806,65.135,65.86,62.636,58.863,84.855,85.536,80.463,80.627,76.475,84.213,84.33,71.548,71.266,80.72,79.447,80.992,84.209,84.464,57.526,61.153,66.924,62.775,53.87,46.985,52.844,56.993,42.808,53.371,65.353,75.336,66.175,75.375,76.57,69.545,60.614,59.418,67.258,57.507,63.176,64.374,60.883,67.776,62.529,70.501,65.397,67.917,58.012
DmelOr13a,55.195,56.435,55.295,55.333,55.44,55.145,54.342,54.853,60.554,64.173,70.639,84.056,76.409,77.563,88.141,72.751,73.127,83.656,76.579,76.085,66.54,68.151,100,88.956,86.456,79.887,81.715,82.839,72.927,86.3,86.44,84.706,80.607,67.46,68.213,66.391,86.018,74.722,79.717,86.727,74.214,81.388,83.073,79.863,58.281,61.009,61.025,59.578,55.98,59.705,62.681,63.571,62.593,61.208,61.204,58.745,57.388,55.504,62.852,63.797,62.887,57.453,58.861,64.916,65.269,61.39,62.104,60.458,63.417,63.859,67.027,58.903,66.604,73.824,75.102,54.528,80.572,83.824,73.006,73.134,70.033,85.12,82.375,75.689,71.639,73.844,74.088,74.296,72.809,70.653,61.55,62.139,64.933,62.816,51.722,41.735,52.363,50.886,42.254,48.922,77.52,76.84,72.945,68.974,79.46,66.875,64.033,64.554,71.959,67.311,73.771,64.294,58.413,64.545,60.599,64.588,64.135,64.49,58.471
BdorOr13a,49.188,53.396,50.968,50.837,53.873,51.339,51.774,50.326,68.078,64.406,66.178,82.383,77.25,76.744,86.427,70.323,67.922,74.385,66.567,73.771,63.869,66.325,93.839,100,96.112,83.279,83.623,80.484,72.405,85.16,85.314,84.144,75.533,64.693,69.047,63.675,85.578,74.424,76.975,86.499,65.947,80.892,80.15,82.175,56.973,57.745,57.707,56.72,56.87,58.091,60.505,60.863,60.973,58.51,59.157,57.085,51.74,55.69,62.633,60.451,60.946,55.858,58.507,61.963,60.914,59.932,60.409,58.404,62.216,62.428,65.001,58.046,64.801,67.464,76.179,48.921,72.702,73.274,71.629,72.007,67.595,84.543,73.568,74.785,72.467,81.241,77.839,77.873,72.143,70.459,67.842,60.93,64.953,63.389,54.552,45.073,53.331,50.229,40.793,49.787,74.949,78.822,79.341,68.601,72.557,64.408,61.376,64.309,71.051,70.336,69.744,63.839,57.776,64.376,63.364,63.868,64.301,64.428,59.383
BminOr3,49.882,51.673,51.329,51.389,55.608,53.535,54.458,50.666,68.453,65.762,67.302,82.594,76.511,77.913,86.847,70.062,70.8,75.057,74.207,73.627,64.858,66.837,93.519,98.251,100,82.519,83.327,81.161,75.931,86.216,83.511,84.612,78.665,67.725,73.587,65.628,85.713,74.644,79.281,86.832,66.97,81.114,82.661,80.931,57.376,58.252,58.57,57.311,58.132,58.417,61.033,61.339,61.418,58.488,60.144,54.732,53.651,56.506,63.682,61.422,61.643,55.875,59.208,62.673,61.904,60.747,62.36,58.56,62.657,62.672,64.654,57.89,63.304,67.85,76.096,51.614,81.163,73.894,72.141,73.517,69.336,85.196,78.697,75.372,72.612,81.801,75.291,80.494,72.07,71.318,65.407,62.03,66.375,64.404,56.021,46.11,53.059,49.938,40.497,51.273,69.513,83.649,81.297,71.103,72.788,65.137,62.058,65.538,71.264,70.209,73.048,64.623,59.645,64.676,63.81,64.305,64.613,65.018,59.64
DmelOr35a,43.577,45.431,44.233,44.243,45.04,44.043,43.511,44.261,55.255,55.513,58.706,65.795,58.113,56.789,68.152,57.47,65.182,66.391,55.365,58.935,56.774,57.689,78.528,77.241,74.767,100,96.274,61.86,56.056,65.123,66.78,63.34,57.995,57.463,56.772,53.06,68.38,58.039,58.32,67.977,56.772,62.758,61.554,61.23,49.489,52.998,51.672,51.335,49.952,53.138,54.202,54.733,54.247,52.983,53.623,50.671,46.249,44.215,53.192,52.7,53.552,45.54,48.099,55.201,51.56,54.214,52.234,51.026,54.899,55.053,56.724,49.967,51.9,56.988,62.424,44.772,64.061,60.978,57.893,59.246,54.841,63.138,61.805,59.216,58.207,60.125,60.711,59.34,59.503,59.314,53.987,52.737,57.21,53.661,47.273,39.178,45.893,48.741,38.063,42.046,58.382,67.841,64.353,63.916,63.404,57.216,55.499,55.845,57.924,67.168,59.889,51.103,50.469,56.724,54.048,54.498,56.298,54.136,49.455
DmelOr74a,46.522,47.764,44.972,46.683,45.458,46.651,46.866,45.718,53.115,57.52,59.499,65.938,62.223,60.171,68.825,60.513,65.872,69.031,54.781,60.149,57.232,57.054,79.117,76.7,75.158,95.097,100,60.188,57.402,66.802,67.472,65.356,58.852,59.313,56.373,55.447,66.325,57.495,60.114,67.557,56.132,60.661,64.34,62.312,51.561,52.754,52.147,50.527,50.565,53.174,53.579,54.447,53.18,53.04,55.912,54.423,51.7,47.012,54.202,54.195,54.938,48.362,50.033,55.139,54.986,53.828,52.816,52.388,54.288,54.402,55.672,51.09,54.648,58.593,63.056,49.08,62.21,62.666,60.98,60.297,57.28,64.342,64.478,59.793,58.85,60.609,61.312,59.358,60.202,59.425,54.888,51.042,54.749,52.698,44.984,38.941,46.729,47.72,39.953,42.145,57.322,67.199,64.185,60.331,60.597,56.201,56.409,55.937,57.612,63.535,58.701,53.349,51.786,54.714,54.137,55.118,55.695,53.898,49.572
DmelOr67a,55.586,57.488,56.777,55.09,56.178,56.539,54.999,54.466,56.374,79.812,84.672,86.284,65.978,77.25,85.392,67.697,68.816,73.658,78.131,74.026,80.17,80.051,80.88,74.419,72.73,61.293,61.229,100,87.608,95.075,94.298,90.58,88.849,81.133,86.489,74.544,87.161,75.938,83.088,88.426,69.319,85.079,79.633,81.208,57.137,64.003,60.212,57.264,58.522,60.447,66.555,67.058,64.908,61.447,62.33,60.376,58.205,56.628,67.8,64.403,63.957,59.124,60.666,69.023,65.497,64.362,63.193,65.194,61.074,60.028,61.991,56.8,61.659,74.173,66.536,56.452,82.803,78.646,72.692,73.926,73.942,85.715,81.095,73.742,69.866,74.696,79.357,78.048,72.773,73.022,61.531,60.083,73.047,63.47,52.966,43.907,54.24,53.321,41.469,53.754,76.855,80.254,78.751,77.717,80.505,73.297,60.619,66.338,78.367,62.892,63.764,60.879,60.203,66.496,64.609,64.578,62.264,70.52,59.734
DmelOr85d,53.596,54.604,53.89,54.063,56.394,53.737,54.114,52.813,53.32,69.929,79.021,74.219,67.741,78.935,83.237,69.835,64.764,73.736,80.113,82.516,69.86,79,77.792,67.56,69.302,56.145,59.183,88.618,100,93.656,94.311,90.094,90.743,71.241,87.506,63.445,86.823,75.863,85.186,87.971,80.006,83.275,84.09,82.043,53.912,56.999,58.293,57.828,61.408,54.57,60.498,59.868,59.38,59.597,62.471,61.766,60.566,56.461,63.384,61.755,61.643,61.83,62.349,61.163,61.404,58.569,59.282,62.813,57.536,56.965,57.534,57.197,65.035,75.221,64.987,60.348,72.73,84.691,71.052,74.576,78.336,85.152,82.341,73.154,71.099,74.056,73.594,73.011,81.847,73.443,61.018,61.263,58.206,63.2,51.78,42.156,55.537,51.085,41.208,54.106,72.625,68.221,70.786,65.7,64.866,65.799,61.884,62.764,68.611,58.435,65.589,65.925,60.447,63.315,61.832,63.547,58.27,69.464,55.257
DmelOr85b,52.971,55.346,54.37,54.509,54.515,53.458,53.733,52.985,61.467,80.622,83.6,88.514,65.378,78.12,88.04,70.222,72.531,84.961,77.763,83.162,79.527,79.811,80.583,75.653,74.449,62.12,63.99,90.975,88.655,100,98.863,90.637,88.767,83.776,85.194,78.059,87.678,76.661,84.28,89.313,74.647,84.594,83.95,84.049,55.202,58.774,58.687,56.287,58.81,58.622,62.619,64.261,62.89,60.62,61.491,58.917,56.757,55.376,62.347,62.381,62.79,58.787,58.454,63.832,62.604,61.425,60.654,61.538,59.259,58.795,61.55,56.548,61.068,76.179,77.488,58.687,84.462,81.766,73.533,80.924,78.394,85.974,83.648,73.299,68.557,77.032,78.631,75.986,72.687,80.696,59.335,60.124,69.51,62.051,49.927,40.197,53.645,50.295,41.367,52.721,66.661,84.375,79.769,72.231,78.912,73.408,64.835,62.328,70.399,60.459,62.51,58.554,56.853,60.148,59.93,60.692,59.648,64.841,56.788
DmelOr85c,54.698,55.947,55.103,55.087,55.236,55.004,53.705,53.939,61.813,82.624,83.038,88.24,68.597,78.444,87.98,70.657,73.889,84.761,77.492,82.667,76.756,77.421,80.359,75.11,73.895,62.471,65.229,90.128,89.001,98.61,100,90.406,88.043,82.24,85.567,77.096,88.815,77.311,85.139,89.784,75.713,84.394,84.149,84.151,54.424,58.096,58.051,55.994,58.639,57.437,62.546,62.797,61.054,60.323,60.884,58.374,57.268,55.667,62.752,62.429,62.309,58.806,59.194,63.223,62.09,61.851,61.585,61.212,59.088,58.959,61.635,56.83,61.876,76.564,69.549,57.701,84.413,84.27,73.516,81.181,78.097,86.209,83.427,74.5,71.276,82.033,81.615,79.509,76.877,73.843,62.912,61.589,75.204,63.543,49.572,40.052,53.951,50.101,41.623,51.525,75.286,83.459,80.861,70.275,77.686,73.118,62.109,61.552,74.295,62.6,64.451,58.943,58.475,60.717,60.818,60.518,59.657,64.654,56.923
DmelOr67c,53.129,54.67,53.985,53.839,55.237,53.221,53.762,52.805,55.949,78.278,83.122,87.403,70.221,80.552,88.514,73.025,70.583,85.223,78.735,81.111,69.617,70.585,81.671,77.387,75.828,63.008,64.845,89.942,88.139,94.159,93.939,100,93.408,77.418,84.796,77.876,90.633,79.597,86.223,92.005,82.53,86.154,86.104,85.114,53.147,58.235,56.847,55.79,58.785,55.499,61.024,61.685,61.533,60.379,60.16,57.529,54.547,58.118,63.316,62.114,61.84,58.245,59.213,62.977,61.599,60.547,60.563,60.83,61.039,60.19,65.054,57.796,64.36,70.286,67.374,55.762,73.715,81.336,73.202,73.704,70.095,85.081,81.273,77.829,70.933,78.111,76.612,81.068,73.142,71.706,60.158,61.891,65.387,63.13,53.22,43.268,52.188,51.158,40.987,50.381,75.795,80.482,82.18,77.122,79.598,65.049,62.188,62.811,79.494,61.382,65.172,61.339,60.104,64.369,64.147,65.289,62.919,65.6,58.557
DmelOr92a,55.987,56.675,56.467,56.772,57.17,57.396,56.134,55.466,58.53,77.957,83.882,85.793,66.64,79.55,86.104,65.794,63.536,73.174,78.604,82.754,71.12,79.4,79.114,65.988,65.009,56.93,59.194,88.852,90.159,92.575,92.526,94.607,100,77.423,85.906,72.813,87.178,76.434,84.258,88.67,83.855,85.466,84.551,83.927,54.755,60.902,57.685,56.701,60.565,56.861,62.164,62.346,61.306,60.916,62.756,59.317,58.552,58.287,65.338,63.658,63.992,59.923,59.981,65.02,63.477,60.986,59.103,64.238,59.285,58.988,61.807,57.358,64.854,73.817,63.905,57.06,74.387,76.048,70.954,73.172,69.472,78.578,77.911,72.847,69.13,72.942,74.922,75.726,72.588,77.886,60.123,60.678,62.675,63.394,51.844,43.181,54.737,53.294,40.865,52.174,73.075,76.055,75.975,68.548,77.442,65.963,68.548,62.654,75.081,58.391,61.573,66.257,61.116,69.478,66.234,66.887,62.979,70.743,58.456
DmelOr69a,49.226,50.126,50.182,49.748,50.183,49.991,49.901,48.705,49.61,82.291,83.159,80.899,60.526,68.532,84.978,63.744,67.174,80.347,61.2,66.244,69.83,74.621,62.397,57.841,58.346,53.254,57.881,80.414,71.069,83.641,84.969,74.048,74.993,100,76.801,74.398,78.672,71.592,79.421,83.605,64.998,76.994,77.519,79.813,58.558,62.826,66.335,65.378,61.957,59.755,61.222,63.649,64.614,64.158,65.248,65.001,64.471,60.058,69.515,71.243,68.187,60.479,61.74,66.006,66.195,64.215,68.688,63.436,59.758,58.183,59.791,54.964,61.627,60.944,65.77,60.08,78.66,74.967,66.269,74.068,69.992,76.991,74.748,63.934,62.835,70.667,68.062,64.167,71.368,67.437,55.547,55.975,57.249,55.576,48.322,40.031,50.644,45.834,36.647,49.122,66.656,75.218,64.624,58.252,68.355,60.482,53.851,53.747,65.156,56.025,56.341,56.743,53.943,58.019,54.802,57.105,56.012,58.42,51.257
BminOr16,53.576,53.415,53.06,54.384,54.332,52.574,53.254,52.362,49.704,79.902,81.86,78.426,61.215,67.522,80.823,65.988,63.121,74.402,71.169,76.983,70.089,73.752,66.692,63.459,65.621,55.933,56.562,85.617,85.352,88.819,89.498,81.271,84.674,79.657,100,71.464,83.858,71.068,81.372,85.305,75.541,79.863,77.724,78.616,57.145,58.446,60.724,59.664,60.297,56.509,61.973,61.711,60.6,58.963,62.208,59.257,57.857,61.531,67.84,64.434,64.775,61.7,60.656,62.148,59.931,62.514,61.531,61.252,60.039,59.37,62.947,58.666,62.673,61.205,60.248,58.9,79.569,80.229,75.948,76.431,74.544,82.081,80.154,69.326,66.398,75.431,72.044,75.189,74.885,78,57.14,60.8,69.58,62.513,51.974,43.471,51.972,52.323,41.006,53.987,74.081,78.555,75.115,69.764,75.905,72.642,60.437,62.08,73.435,58.888,63.916,65.714,61.758,65.369,62.955,66.395,61.214,65.273,55.904
BdorOr88a,50.952,52.109,51.002,50.713,51.398,51.008,51.18,50.315,46.331,71.924,72.076,68.692,59.011,64.443,80.375,61.571,63.606,79.747,60.351,63.043,63.335,65.146,64.779,59.586,58.438,51.349,55.886,74.084,69.337,83.929,81.497,79.124,74.558,78.769,73.65,100,71.187,66.615,72.556,72.688,59.88,69.929,69.744,70.25,57.489,58.19,61.056,57.689,61.546,56.362,60.228,62.204,64.298,63.35,62.744,59.959,59.034,56.352,60.855,61.396,60.978,57.124,58.438,60.929,62.762,61.101,60.888,61.901,58.978,57.145,60.159,57.921,62.647,57.955,59.082,60.315,76.452,76.138,74.442,76.784,73.149,77.678,77.573,67.363,65.606,69.655,71.039,69.601,70.375,72.068,57.262,57.388,59.878,58.106,49.199,39.329,49.899,46.778,38.747,49.468,62.203,75.597,71.393,62.18,68.259,58.681,54.276,55.021,62.563,56.351,57.878,57.801,54.72,57.991,56.714,59.471,55.971,58.755,55.106
AgOr8,53.388,54.838,54.699,53.961,55.003,53.199,53.962,52.811,66.476,69.654,76.314,87.1,81.177,81.55,89.119,78.106,81.096,85.815,75.519,79.492,64.724,66.807,82.371,77.548,75.902,66.706,65.848,85.368,83.793,89.989,90.981,89.137,85.301,79.617,82.957,68.571,100,85.476,91.44,98.905,86.542,86.737,86.613,84.022,54.731,61.23,57.453,58.289,58.444,59.816,63.083,64.018,61.605,60.019,60.301,58.98,55.989,58.508,66.424,65.187,65.572,58.004,58.996,63.24,61.141,62.868,60.94,59.241,65.606,65.689,66.09,60.518,63.664,76.001,77.708,53.735,82.707,77.487,69.933,71.023,67.945,85.108,76.427,72.099,69.971,73.253,73.071,78.816,72.58,68.971,65.098,66.21,75.884,65.823,53.48,42.567,50.13,51.868,41.882,49.875,80.537,79.878,83.89,77.486,80.157,67.506,65.223,67.933,77.893,77.845,75.806,64.001,58.966,65.876,62.831,65.8,65.607,63.815,60.343
AaOr8,54.49,55.885,54.712,54.66,56.439,53.979,54.926,53.397,66.847,72.302,79.665,87.774,81.248,82.56,89.496,80.657,81.649,86.49,77.451,80.567,66.647,71.955,81.818,77.393,76.059,64.4,64.717,85.578,84.339,90.303,91.33,90.366,85.585,80.444,79.459,74.516,98.345,100,92.064,99.556,87.857,88.095,87.738,84.963,56.429,62.2,61.869,60.35,60.14,61.847,65.162,65.146,63.805,61.217,61.333,60.096,58.324,57.578,66.937,66.551,67.129,59.224,60.873,64.796,62.716,64.079,62.093,62.284,66.441,66.743,67.294,62.704,64.101,77.169,78.657,56.886,83.138,80.978,71.041,74.417,72.366,84.665,80.543,72.987,72.975,80.279,76.697,79.363,72.247,70.525,64.805,68.39,75.137,64.212,54.378,42.352,50.722,52.081,41.783,51.846,80.697,81.029,82.963,78.359,80.044,72.995,65.562,68.459,81.822,77.96,76.83,65.289,59.801,66.559,64.806,67.163,70.121,69.144,61.755
CqOr118,51.577,53.29,52.638,52.102,54.206,51.413,52.112,51.338,61.261,70.457,81.779,82.349,76.287,78.933,84.866,75.412,70.636,81.108,78.396,78.925,63.927,66.881,75.553,69.913,70.127,56.814,57.791,81.618,82.707,86.329,87.358,85.176,82.177,78.129,80.401,71.24,91.567,80.161,100,93.176,86.257,83.276,83.375,80.473,54.532,59.219,57.265,58.915,58.437,57.268,62.995,62.416,60.983,58.934,59.108,58.326,57.205,60.702,66.604,65.181,63.83,58.621,61.827,61.775,59.727,59.734,58.763,61.745,60.864,61.191,61.876,59.425,63.244,71.683,67.15,55.617,70.052,76.62,66.263,69.707,66.178,80.58,70.422,68.841,67.581,76.009,69.512,75.76,68.326,67.504,59.153,59.334,61.105,59.674,51.381,41.424,48.969,48.761,39.595,54.176,76.312,72.08,74.143,65.163,73.757,68.437,59.924,63.054,75.272,61.749,71.184,63.132,56.325,62.663,60.97,62.913,62.549,62.047,55.888
TaOr8,52.861,54.954,54.72,53.225,55.792,53.722,54.349,53.241,66.943,71.563,79.802,87.408,80.891,81.814,89.531,74.601,82.221,86.546,75.438,75.103,66.92,68.901,81.526,76.783,75.663,65.021,66.045,85.6,84.115,90.013,90.873,89.78,85.454,81.15,81.847,72.625,97.69,85.376,91.872,100,87.209,87.261,87.053,83.927,55.495,61.333,60.452,59.101,59.15,58.96,63.971,64.465,62.673,60.526,61.042,60.088,58.204,57.537,66.347,65.683,65.818,58.65,61.148,64.8,63.428,63.098,61.327,62.26,66.22,66.2,67.532,60.76,63.818,76.156,78.913,56.07,80.573,77.273,69.71,72.729,69.558,84.758,76.874,71.899,71.894,79.763,72.666,73.89,71.354,69.99,63.599,62.958,67.965,65.301,54.408,42.999,50.462,51.892,41.962,52.056,80.609,80.013,81.788,77.412,79.157,73.147,65.481,67.762,79.558,71.093,75.251,64.259,58.62,65.796,63.449,65.378,66.002,68.363,60.743
CqOr114,51.739,53.032,52.643,52.776,55.793,52.496,53.07,51.516,51.987,68.108,78.27,67.562,66.222,65.116,69.242,61.782,60.164,64.135,74.516,65.909,62.262,62.584,69.673,58.335,58.679,54.47,54.463,69.778,78.337,70.287,79.471,80.655,80.881,65.116,73.593,57.426,85.537,75.566,84.952,87.294,100,83.889,81.381,75.324,55.609,59.815,60.692,57.57,58.298,57.121,63.882,63.5,60.94,59.443,61.147,59.551,59.469,58.245,66.036,66.736,65.794,61.846,60.012,63.581,61.269,60.778,56.172,61.593,62.216,60.872,62.478,58.474,66.341,62.026,60.443,55.9,67.5,65.984,62.839,63.018,61.603,67.386,67.384,65.161,63.366,66.374,66.01,67.268,65.484,62.244,56.254,60.873,59.182,59.09,55.118,41.032,50.151,50.489,42.361,51.361,65.895,63.076,65.14,61.679,68.363,63.816,59.397,57.821,67.541,59.712,70.062,60.94,57.454,61.566,60.385,62.384,60.044,59.741,56.441
AgOr6,54.98,56.872,57.252,54.988,56.968,55.846,55.531,55.272,55.211,84.598,86.576,88.68,68.115,82.264,88.895,71.33,73.036,83.573,83.22,83.26,72.416,79.289,78.756,67.475,66.466,61.129,60.139,84.568,81.484,87.5,87.392,85.441,84.544,78.257,82.782,69.64,87.393,77.463,84.173,89.557,85.82,100,91.132,90.681,60.44,64.106,65.032,62.457,63.749,61.961,67.813,67.856,65.849,63.91,62.968,60.383,59.671,61.931,71.521,70.191,69.984,63.39,62.934,69.148,67.947,68.109,64.668,65.236,67.052,66.513,68.115,63.107,67.067,67.418,68.19,63.418,86.155,86.006,82.174,83.307,81.408,88.191,86.04,83.412,79.401,84.979,85.552,83.622,75.394,78.281,63.783,73.66,78.179,74.845,58.798,45.011,52.39,53.389,43.588,52.507,83.278,84.203,86.448,84.637,86.405,81.446,73.357,72.784,84.262,68.601,76.078,72.301,63.928,74.985,67.417,73.063,75.929,75.631,69.371
AaOr4,54.679,56.214,54.531,54.288,56.267,54.681,55.379,53.093,55.113,77.397,83.181,89.029,79.184,84.303,89.48,81.439,71.446,87.13,81.127,81.061,68.61,75.746,80.143,75.926,74.814,61.329,64.084,79.925,82.516,87.761,88.352,86.628,84.396,76.506,78.564,68.334,88.085,77.627,84.757,89.918,83.91,91.925,100,93.102,59.07,60.232,63.193,61.245,62.68,61.208,63.822,64.992,62.725,61.869,62.412,60.918,59.871,65.886,65.537,64.606,63.865,61.215,60.664,64.217,64.635,63.247,61.677,63.158,64.596,63.797,66.407,61.37,65.935,75.389,69.59,57.45,84.612,85.701,81.965,84.445,80.336,87.253,86.858,83.872,81.571,85.228,83.49,83.076,83.682,78.837,62.754,62.296,69.351,66.231,54.214,45.362,55.219,51.904,43.595,50.422,78.252,80.551,81.565,73.871,79.593,71.187,65.818,63.479,71.337,66.44,69.625,69.994,61.352,66.586,63.83,66.127,63.875,72.232,59.146
TaOr4,55.696,57.354,57.005,56.002,56.679,55.555,55.379,55.013,52.97,85.02,86.177,88.268,67.395,78.634,87.397,75.055,70.581,85.698,81.206,85.045,71.587,77.444,77.895,75.187,73.384,61.141,62.947,81.342,78.974,88.223,88.849,86.662,84.651,80.823,82.74,69.051,86.622,75.837,82.745,87.522,78.922,92.381,93.935,100,54.526,58.929,57.661,57.919,61.706,57.374,59.813,64.133,61.808,59.875,60.899,58.278,56.58,59.976,65.419,63.27,62.988,59.67,59.99,63.304,63.161,62.604,62.132,61.627,59.056,59.878,61.968,56.213,63.961,71.384,64.224,58.26,84.784,85.88,85.704,87.369,83.836,88.18,88.073,85.958,83.153,86.975,85.946,84.873,83.458,83.524,62.233,62.516,73.947,63.849,51.9,42.224,53.853,48.705,39.547,50.552,77.12,81.256,81.104,77.338,81.496,68.74,64.337,64.322,76.577,63.047,66.01,65.605,63.211,66.22,64.409,65.388,62.689,70.276,61.031
AgOr4,49.009,50.3,48.315,50.976,52.232,50.871,50.907,50.236,46.42,52.821,54.942,55.606,54.496,54.659,59.502,58.851,55.222,58.811,50.211,49.181,54.582,57.92,55.049,51.44,50.616,46.991,50.948,54.501,51.408,54.153,55.92,51.884,52.665,58.013,53.679,54.015,54.464,48.798,53.383,56.282,55.873,58.157,56.467,55.449,100,86.272,89.339,88.294,89.186,91.306,89.499,89.365,90.363,87.922,83.709,85.158,86.061,86.218,85.978,85.173,85.744,81.531,85.144,87.667,88.02,84.89,79.627,84.908,63.56,62.37,64.358,65.279,73.001,56.124,54.055,61.64,59.637,63.363,62.727,63.034,55.425,61.754,64.428,64.157,62.656,60.535,62.575,63.444,67.167,63.525,51.4,50.829,50.194,51.024,50.618,44.802,54.478,51.947,47.897,52.107,59.492,52.503,55.822,53.834,57.501,51.724,52.22,48.75,63.819,53.421,57.954,60.223,54.78,57.883,60.145,60.446,57.329,54.703,57.522
AgOr20,50.285,51.575,50.689,51.909,57.975,50.851,51.135,50.698,51.014,58.92,60.517,61.533,55.555,58.951,62.742,58.083,60.172,61.219,55.301,55.055,60.384,61.125,55.864,52.788,51.39,51.666,51.382,62.402,54.454,59.71,59.304,58.153,58.242,62.106,57.745,55.442,60.609,54.132,56.862,62.031,60.293,63.306,57.982,56.543,86.426,100,94.741,93.85,86.95,90.783,92.717,93.242,92.483,89.306,75.074,76.055,87.916,82.143,88.143,89.092,89.127,85.337,83.379,90.647,88.935,85.72,78.815,87.424,63.984,63.986,64.286,61.905,68.571,59.97,56.992,64.088,69.751,63.728,61.93,62.951,58.37,63.492,65.112,64.109,61.664,63.495,64.961,66.225,66.365,64.963,52.511,56.039,58.232,56.354,53.765,44.891,52.271,56.248,46.246,52.078,62.045,61.416,62.201,63.995,67.561,57.437,53.872,54.11,64.833,58.619,58.502,57.136,59.108,61.334,60.141,62.025,62.295,56.619,62.665
AgOr21,50.991,53.724,52.298,53.892,54.022,54.537,54.515,52.255,49.709,61.719,64.479,62.77,55.429,58.462,64.147,59.338,60.344,64.234,54.129,55.029,63.661,66.012,56.186,51.619,51.094,49.061,50.935,58.165,55.394,59.865,57.775,56.205,56.374,65.942,59.105,57.811,56.777,53.164,56.695,60.631,59.651,63.509,59.037,55.01,88.395,94.233,100,95.762,87.982,91.818,91.294,90.616,91.949,92.406,77.587,73.436,87.925,83.975,88.09,88.572,87.958,85.655,82.328,89.033,88.191,86.226,80.226,86.394,65.669,64.846,65.939,65.32,71.817,58.734,57.257,66.252,67.119,66.65,63.825,67.325,59.609,65.007,69.515,64.469,62.357,64.085,64.752,66.823,69.009,68.659,50.317,55.274,54.234,54.841,53.744,45.696,53.552,54.754,47.021,57.304,61.685,59.698,60.96,62.385,65.771,55.032,53.197,51.811,64.905,57.957,58.422,59.706,59.541,60.813,60.752,61.666,60.408,57.568,61.95
AgOr50,49.782,50.289,50.578,51.029,52.171,50.007,50.483,50.415,50.405,60.315,61.863,61.639,57.637,61.12,64.664,59.389,59.968,63.961,55.338,55.945,61.878,63.526,55.069,50.413,50.347,50.407,50.507,58.271,55.569,57.337,56.988,54.47,55.048,65.633,59.115,56.413,58.978,52.152,57.973,59.834,58.122,61.574,58.273,53.908,88.139,93.813,96.531,100,88.512,91.958,90.516,90.114,90.522,89.87,87.381,78.852,88.367,83.792,87.311,87.511,87.429,85.818,84.217,87.337,87.192,86.919,81.221,86.966,65.895,65.117,67.318,66.123,80.8,58.289,55.942,60.479,68.619,66.081,65.315,67.772,57.039,63.989,69.778,67.911,63.95,66.928,68.44,66.85,70.256,66.139,52.957,57.219,58.532,57.916,54.358,48.586,54.471,52.559,48.481,58.175,61.627,59.859,60.709,64.052,65.916,53.96,53.766,51.489,62.836,56.833,59.685,60.053,61.332,62.331,60.103,61.168,60.949,56.186,61.085
AgOr5,50.31,51.316,51.643,51.448,53.234,50.998,51.834,47.776,46.729,59.817,61.377,61.334,56.722,59.919,61.803,60.516,53.402,57.83,54.042,55.526,55.96,56.6,52.487,50.098,49.38,47.999,48.98,55.905,58.093,59.608,57.964,56.112,58.168,60.656,57.821,58.034,56.945,50.988,57.664,60.181,57.603,61.357,59.137,58.501,87.46,85.131,86.855,87.164,100,90.265,89.138,88.891,88.143,77.913,78.291,87.866,86.589,89.995,90.292,88.571,87.599,88.001,89.483,85.553,84.894,83.497,79.341,84.919,64.227,62.114,64.34,65.893,70.445,56.76,56.921,61.921,67.635,64.939,69.638,67.645,63.382,65.503,70.993,72.172,71.162,72.348,75.304,70.189,72.745,69.139,53.514,55.536,59.105,56.608,50.8,44.838,56.336,46.469,40.639,56.262,58.443,60.966,58.653,62.494,63.25,53.441,49.637,48.961,63.774,51.595,55.179,63.15,59.499,57.967,58.511,59.394,56.588,56.084,53.727
AgOr18,49.096,50.497,48.615,49.257,49.974,48.768,48.036,50.699,50.675,56.252,57.952,63.473,56.571,56.655,62.433,59.924,59.798,60.656,51.707,51.349,58.304,60.849,57.195,52.758,51.268,50.996,51.955,59.294,52.172,59.187,58.535,56.929,56.128,59.358,55.96,55.227,59.087,53.049,56.134,59.186,57.683,61.191,58.757,54.377,90.645,90.497,92.222,91.504,91.314,100,94.261,94.007,94.111,90.874,78.904,84.84,86.335,87.361,87.781,88.926,88.98,81.038,82.502,89.612,89.459,87.924,81.973,86.307,64.304,62.22,64.791,63.537,69.578,57.194,54.864,60.116,67.676,65.124,63.047,61.952,56.713,62.998,65.772,66.224,64.424,65.445,64.68,66.195,70.411,66.163,52.569,55.996,59.943,56.949,50.294,43.394,54.131,55.281,48.687,55.152,62.169,57.896,62.451,64.074,68.291,55.01,53.024,51.855,65.699,59.675,59.102,59.023,56.646,59.62,60.08,60.879,59.428,56.075,59.751
AgOr13,51.578,53.09,52.323,52.562,60.649,52.308,52.12,52.64,51.491,62.808,67.515,67.185,58.418,62.024,62.799,61.348,58.284,60.625,56.851,54.11,61.056,62.179,57.727,53.386,51.283,51.695,51.562,63.148,56.451,61.759,61.554,59.346,58.174,62.664,59.362,57.119,61.768,54.487,60.155,62.722,63.028,65.828,60.386,59.586,87.391,90.788,89.739,88.161,89.071,92.569,100,99.461,97.059,89.414,80.907,83.062,88.258,86.808,89.638,89.881,90.303,86.406,86.15,91.426,89.804,87.843,80.79,88.319,64.31,63.299,64.458,62.787,68.031,60.185,55.822,63.95,70.935,66.049,65.97,65.218,61.3,64.948,70.268,69.318,68.137,69.737,71.824,70.954,68.552,67.007,55.348,57.168,60.432,58.069,54.261,44.79,53.738,55.639,44.645,54.811,68.686,62.604,63.438,64.163,69.689,58.316,54.416,54.344,67.134,58.591,60.41,59.199,57.478,61.042,61.239,62.127,60.811,57.259,62.742
AgOr15,53.149,54.769,54.266,56.295,55.389,51.724,53.67,51.257,51.963,63.564,67.178,68.203,59.14,62.124,63.238,61.677,58.845,61.781,56.158,56.313,60.48,61.783,57.997,53.13,52.644,52.248,51.783,63.39,56.158,63.762,62.445,59.894,58.806,63.433,59.53,58.142,62.384,55.352,59.87,63.746,62.506,65.551,61.939,59.694,87.156,91.133,88.854,87.887,88.519,92.213,99.204,100,97.592,88.78,81.67,81.475,88.801,86.518,88.974,88.742,89.523,86.618,86.163,91.181,89.931,86.927,80.355,88.645,65.371,64.311,67.511,63.9,67.974,60.559,56.586,63.701,69.689,66.172,65.913,65.402,61.166,66.188,70.737,67.481,65.627,67.984,71.182,68.112,71.77,68.013,55.677,57.928,60.891,59.016,55.062,45.475,54.128,57.752,47.063,53.907,68.325,63.872,64.643,65.169,74.531,59.594,55.614,55.02,67.372,58.617,59.684,59.058,57.412,61.266,61.35,61.744,62.122,57.898,62.665
AgOr16,48.934,49.82,49.755,49.529,51.401,48.948,48.774,48.604,51.055,61.661,66.745,66.074,57.578,58.671,62.977,61.099,59.572,61.929,55.494,55.187,59.569,61.024,58.277,53.183,51.962,51.295,50.693,60.165,55.472,61.335,60.922,58.971,57.228,63.722,58.204,58.163,58.019,52.808,58.445,59.876,58.977,63.218,58.688,58.019,87.57,89.142,89.648,87.84,87.22,92.086,96.308,97.087,100,89.769,83.369,82.055,88.764,85.403,86.553,87.282,87.725,85.164,84.622,90.427,89.842,85.952,80.578,87.357,62.946,61.019,63.12,61.191,68.697,60.352,56.557,64.48,67.038,66.802,63.857,65.297,60.023,63.189,68.075,65.088,63.482,65.622,66.7,67.582,69.134,67.184,53.581,55.479,58.033,56.622,53.134,45.716,53.833,56.057,44.782,56.758,62.487,61.852,62.964,63.092,65.48,56.889,55.071,53.239,64.828,58.234,58.817,58.678,56.668,59.898,60.012,60.914,59.152,56.95,60.428
AgOr46,48.435,50.493,49.015,49.331,52.833,48.471,48.578,48.204,48.082,59.236,59.473,59.638,54.375,57.051,63.246,60.783,60.744,64.038,55.538,54.685,60.847,61.581,56.05,51.333,50.386,49.631,51.12,58.217,54.494,58.754,58.848,54.592,57.075,63.499,56.55,58.756,57.393,50.859,56.519,59.371,58.217,60.452,58.627,57.747,85.403,86.979,90.803,87.47,77.387,89.112,88.521,88.909,90.491,100,71.497,68.789,84.641,84.682,86.353,88.549,88.168,85.321,80.697,90.478,89.744,88.157,81.321,86.759,62.731,62.453,64.052,64.425,70.035,56.82,55.38,72.212,66.776,67.319,63.655,65.187,57.484,63.87,66.977,63.579,61.388,62.834,61.949,63.824,66.872,67.651,52.714,56.647,57.14,56.342,54.74,46.867,54.841,55.116,45.794,58.445,62.919,62.747,59.858,64.703,68.265,55.357,53.808,52.783,67.93,57.724,59.299,61.345,60.994,61.851,61.652,63.405,62.603,57.789,65.04
AgOr30,49.968,51.141,51.342,50.649,52.067,50.543,50.824,49.918,46.969,59.212,61.957,57.703,57.694,59.856,64.821,59.451,59.78,63.113,53.456,56.723,58.837,60.004,54.836,50.528,49.916,48.273,51.128,57.351,56.532,59.061,58.417,54.535,57.456,61.939,57.877,55.935,57.125,50.226,56.067,58.527,58.189,58.196,56.663,54.44,76.876,78.531,76.255,82.029,75.874,73.493,79.425,76.579,81.298,68.704,100,93.038,92.141,69.89,77.351,82.067,81.526,73.127,75.966,81.007,78.617,79.474,74.911,78.206,62.389,60.868,61.691,61.082,65.785,57.649,56.603,61.937,60.783,61.728,62.322,60.728,55.768,61.026,63.989,63.107,61.582,63.405,64.193,61.793,68.657,62.702,51.983,50.307,50.582,54.268,51.506,45.081,53.107,50.64,43.109,52.967,57.859,55.68,59.151,55.836,58.02,52.76,53.757,53.023,59.255,53.453,55.2,59.898,55.621,56.113,55.91,56.699,53.584,54.163,50.648
AgOr29,47.201,48.342,48.19,47.828,50.792,47.295,47.918,47.158,45.504,58.329,61.234,56.165,58.15,61.717,62.112,60.983,56.967,62.345,53.618,51.634,58.777,59.646,53.228,47.717,46.479,47.733,50.774,56.996,57.658,58.152,56.938,53.139,56.313,63.3,56.222,54.861,56.573,50.47,56.043,58.544,58.069,56.544,57.602,54.465,82.306,74.27,71.671,76.775,87.306,82.102,82.393,79.567,81.819,67.278,95.145,100,95.351,85.876,85.216,83.838,83.956,73.178,84.388,70.788,75.434,73.18,77.285,74.117,62.806,58.328,59.395,63.237,73.92,55.837,59.003,60.271,57.632,61.593,61.905,62.829,56.781,61.304,64.32,64.278,63.603,64.135,63.225,61.429,67.151,61.702,49.318,47.321,49.865,50.344,48.811,44.568,54.067,47.473,42.836,54.07,55.436,55.689,55.119,52.918,55.043,51.019,49.476,47.396,55.629,50.524,53.395,59.98,54.555,52.846,54.547,55.172,52.127,53.837,49.725
AgOr53,46.38,46.606,47.098,46.949,50.553,47.034,47.963,46.67,43.833,59.015,60.742,54.301,54.399,53.746,60.097,55.178,56.61,60.9,53.462,51.27,57.575,57.863,52.996,46.554,47.136,44.078,48.814,54.842,56.345,56.728,56.051,51.341,55.981,63.263,53.754,54.075,53.595,48.304,55.639,56.58,57.877,56.956,55.404,51.276,83.02,85.041,85.779,85.538,85.491,83.854,87.505,88.271,88.123,84.069,94.098,95.351,100,85.722,85.977,86.411,87.211,87.174,86.468,86.135,87.56,82.422,77.688,87.572,62.174,59.353,60.761,62.435,67.692,55.886,54.049,68.104,59.676,62.529,61.067,61.395,57.381,60.284,63.933,60.077,57.311,59.53,63.231,60.885,65.02,60.662,48.483,48.459,49.804,51.352,49.082,44.244,53.034,50.643,43.842,56.379,56.616,54.687,55.359,53.39,54.912,51.271,51.254,49.375,55.049,48.178,52.923,57.499,55.966,53.242,55.246,56.543,53.718,52.362,50.97
AaOr14,36.805,37.86,37.296,37.216,38.312,36.937,36.897,37.809,36.321,49.623,52.033,46.294,45.589,46.402,51.903,48.142,42.503,46.429,42.834,44.674,43.916,44.374,41.944,39.727,39.319,34.876,33.985,43.388,42.818,44.766,44.074,43.902,44.501,48.051,48.362,42.497,45.909,39.815,47.225,45.477,46.238,51.571,46.315,45.448,67.37,65.505,65.578,67.802,72.103,68.901,69.289,69.178,68.856,68.639,57.979,69.707,70.046,100,77.616,75.173,74.099,72.829,73.454,69.688,69.042,66.555,64.607,67.899,47.005,48.045,49.757,50.778,60.014,40.902,40.505,49.395,49.224,52.657,52.254,53.638,50.246,53.746,54.395,51.384,49.943,51.75,53.921,52.312,53.976,49.529,40.266,43.917,46.622,43.509,39.455,32.543,40.47,38.83,31.516,46.794,45.667,47.355,45.198,50.069,50.801,44.764,40.459,38.7,52.046,42.222,43.372,51.72,46.328,50.198,49.929,50.737,50.894,49.375,49.004
AaOr15,53.914,56.871,54.174,54.121,58.606,53.879,53.726,53.755,52.065,65.18,69.862,64.696,60.063,64.309,67.222,62.522,57.857,62.222,59.273,58.837,59.835,59.905,58.477,54.937,54.387,50.353,52.339,63.381,60.05,62.874,62.806,60.847,62.117,65.14,65.774,57.792,63.679,56.927,65.072,65.679,64.046,68.303,62.927,61.384,84.371,86.056,86.881,85.589,90.406,86.578,90.031,89.662,87.61,86.89,83.102,86.63,87.781,97.02,100,94.64,94.589,92.586,91.587,90.013,88.653,85.459,81.106,88.232,70.723,69.024,74.431,67.812,80.073,63.702,62.716,64.011,67.925,66.868,67.042,67.87,63.98,69.707,72.022,72.212,70.611,71.414,73.289,72.722,72.75,66.691,56.885,59.934,60.252,60.091,57.034,45.132,55.882,53.066,46.153,56.764,71.577,64.538,62.507,67.967,72.384,62.173,56.625,56.264,76.819,57.873,60.859,66.848,67.871,71.918,72.842,73.045,72.415,63.069,69.689
CqOr1,51.92,53.918,52.906,53.414,56.075,53.39,55.195,53.841,52.138,64.427,67.342,63.868,60.255,62.885,65.083,62.546,59.664,62.633,56.554,56.754,58.838,60.74,58.199,53.934,53.406,50.68,52.214,62.587,57.731,62.545,62.394,60.332,60.18,69.02,60.702,57.461,61.103,56.478,62.903,65.669,63.72,67.63,60.891,58.799,83.677,86.976,87.451,86.099,89.099,87.561,89.686,89.045,88.499,89.188,84.792,78.757,88.409,93.985,94.803,100,98.47,93.029,92.331,91.539,89.992,88.092,82.318,88.848,66.739,64.84,66.759,64.385,72.365,57.83,57.913,70.42,67.863,67.155,67.008,67.648,63.992,68.646,69.456,67.785,66.466,67.517,68.981,71.265,69.125,65.095,55.547,58.885,61.412,60.037,55.665,45.592,53.714,54.479,44.373,56.647,65.523,62.822,62.291,65.459,69.711,61.542,54.294,53.059,74.421,57.957,58.939,62.557,60.44,64.163,63.565,64.3,65.102,60.957,61.872
CqOr4,53.449,55.521,55.889,54.007,56.503,53.732,54.21,54.297,52.635,64.095,67.593,64.476,59.243,62.997,66.791,62.196,59.724,62.397,55.914,56.608,58.966,59.706,58.325,53.577,52.924,51.602,52.532,62.8,57.5,62.347,62.118,60.645,60.647,68.225,61.929,57.294,61.973,56.663,62.715,66.359,66.012,67.381,61.05,60.074,84.152,87.74,87.535,86.001,88.23,88.097,90.645,90.44,89.035,88.921,85.054,79.566,89.555,93.188,95.063,98.722,100,93.434,92.574,92.488,90.875,87.965,82.256,89.805,67.125,65.493,66.778,64.39,70.71,57.93,57.851,71.391,68.13,65.053,66.772,67.283,63.418,67.603,69.032,67.665,65.222,66.47,68.818,70.736,68.871,65.642,55.119,58.658,62.403,60.1,56.144,46.095,52.922,55.352,45.22,54.379,66.43,63.411,62.755,66.834,70.556,61.311,56.077,54.999,75.09,58.331,58.885,59.754,60.391,63.769,63.573,63.594,64.753,59.376,61.912
CqOr5,49.934,51.487,50.8,50.826,53.054,50.764,51.025,50.646,47.218,61.161,62.446,58.854,56.523,59.696,61.33,58.973,55.384,60.118,54.009,53.96,56.073,56.583,53.444,49.417,48.597,46.162,47.187,57.214,59.015,59.464,59.401,57.346,58.332,60.527,59.008,54.692,56.748,50.751,58.455,58.877,62.083,61.779,58.868,57.044,82.428,84.448,85.199,85.079,88.665,81.463,87.508,87.655,86.828,86.583,78.471,76.674,89.451,91.886,93.193,94.085,93.837,100,93.46,89.846,88.731,85.882,79.871,89.983,62.765,61.952,62.616,63.043,67.766,57.448,55.08,65.154,64.031,65.696,66.02,68.134,62.125,65.72,67.357,66.853,65.121,66.267,67.234,69.316,69.892,67.62,54.767,57.041,53.65,57.243,56.553,47.265,55.608,51.31,45.138,56.501,59.447,57.475,58.024,57.593,61.35,55.781,54.532,52.593,64.763,52.013,56.968,61.721,61.358,62.018,61.477,61.169,58.351,56.667,59.625
CqOr84,52.52,54.914,54.04,55.524,55.828,53.239,53.747,49.543,46.238,62.448,64.129,59.876,58.566,59.922,60.812,59.183,53.785,59.255,55.585,54.175,55.785,56.966,55.258,52.607,51.201,46.146,48.687,59.41,59.463,59.867,59.843,57.737,58.4,61.535,59.098,55.475,56.979,51.904,60.489,58.764,60.534,62.005,58.281,57.942,84.302,83.421,81.783,83.68,90.742,82.239,87.614,87.894,86.605,82.443,79.809,86.544,88.825,93.119,92.415,93.033,93.297,93.904,100,88.798,86.99,84.559,80.214,88.282,62.487,62.604,63.629,65.538,72.988,57.761,55.404,64.466,63.587,63.867,67.094,66.999,62.324,64.974,67.774,70.16,68.629,68.272,69.576,68.454,72.473,66.648,55.021,56.864,56.129,57.44,52.293,45.305,55.221,48.654,41.874,55.888,60.481,55.601,58.937,59.74,60.033,54.148,52.676,50.601,65.96,50.356,56.019,63.262,58.114,60.975,59.931,62.269,59.982,57.965,59.692
CqOr37,52.102,53.159,53.1,53.877,60.423,53.246,53.296,52.563,50.441,62.434,66.065,64.255,56.073,60.553,63.717,60.451,60.02,62.474,57.084,57.202,61.676,60.963,57.832,53.88,52.773,51.745,51.963,64.801,56.881,62.918,61.823,60.392,60.402,64.699,59.244,56.597,60.012,54.777,59.269,63.805,63.424,66.036,60.219,58.56,84.91,87.958,87.123,84.585,84.303,87.436,90.761,90.7,90.311,90.058,72.415,72.358,86.546,85.56,88.832,90.313,91.117,87.858,86.506,100,95.796,89.204,82.4,88.559,62.6,60.532,60.456,59.18,67.953,60.054,57.122,67.7,68.333,65.116,63.118,63.685,59.454,65.137,65.859,65.622,63.366,65.703,68.169,66.798,65.486,64.139,52.644,57.451,58.914,57.128,55.291,45.265,54.617,54.565,45.198,55.182,64.098,62.73,62.28,64.752,67.701,59.877,55.627,54.727,67.002,57.596,58.441,58.481,61.621,64.481,64.417,61.265,63.236,58.05,64.857
CqOr99,53.859,54.463,56.122,54.561,57.18,54.291,52.156,54.121,49.206,60.402,63.951,62.427,57.279,58.695,65.021,60.06,59.81,64.081,56.508,56.677,62.396,62.442,60.11,53.21,52.374,49.634,52.057,61.831,56.814,62.136,61.435,59.182,60.401,64.052,59.04,58.706,58.898,53.056,56.976,62.761,62.201,65.191,61.605,59.469,86.35,87.065,86.887,85.177,84.669,88.155,89.813,90.389,90.722,90.058,84.892,76.442,88.367,86.068,88.341,89.809,90.038,87.417,85.944,96.791,100,89.849,84.316,89.323,63.876,62.699,62.43,63.102,70.884,60.354,57.158,68.154,65.879,66.442,64.757,65.178,60.094,65.366,68.117,66.186,63.666,65.239,66.276,67.253,69.226,65.806,54.198,56.076,54.783,56.767,53.676,44.259,54.372,55.865,46.399,55.963,63.622,61.244,61.411,65.455,69.105,56.394,56.644,55.557,66.065,58.306,58.87,59.595,61.412,61.206,62.944,63.797,63.127,58.258,63.035
CqOr32,51.317,53.096,52.763,52.124,55.875,52.698,54.663,51.638,51.14,63.706,63.264,66.3,58.125,60.27,67.035,60.754,63.015,65.099,57.009,57.648,61.675,61.703,59.789,54.134,53.546,52.633,52.566,63.162,56.603,62.762,62.45,60.803,58.921,64.425,61.919,58.419,61.15,55.397,59.251,64.101,60.122,66.547,60.977,60.654,85.218,85.688,86.837,87.434,85.187,88.306,89.503,89.155,88.607,90.625,84.73,75.176,85.546,82.128,86.874,89.494,89.107,86.536,84.889,92.062,91.792,100,89.576,87.362,66.675,67.183,68.21,66.118,67.749,60.303,57.807,63.294,68.773,68.01,66.662,65.992,61.124,66.976,71.127,67.57,65.426,66.788,68.296,67.186,68.318,66.591,55.73,59.142,61.554,60.055,54.289,45.342,57.018,54.94,46.017,54.72,65.003,65.166,66.01,67.69,71.533,61.874,56.903,56.755,73.913,59.263,61.135,61.573,60.486,62.846,61.717,63.052,64.425,58.605,63.115
CqOr36,51.854,53.19,52.951,52.098,54.478,51.555,52.752,51.876,50.581,65.806,68.527,70.694,59.193,61.837,70.611,64.289,64.953,68.651,57.779,61.315,64.364,66.246,63.03,56.516,55.199,52.915,54.805,63.795,59.828,65.728,65.154,63.077,61.692,68.28,64.686,62.954,64.439,57.177,60.221,66.188,59.625,68.174,63.777,63.382,84.236,83.541,85.781,86.367,86.137,87.304,87.54,87.138,88.076,88.348,84.047,84.023,85.334,87.092,87.71,89.015,89.044,85.489,85.879,89.92,91.319,95.167,100,87.383,66.387,66.004,67.522,64.603,68.435,60.615,60.059,60.404,73.789,77.427,69.564,76.567,69.056,70.708,78.54,71.731,68.784,71.339,72.274,70.308,72.667,74.811,58.478,60.302,62.524,61.896,51.28,44.735,56.632,53.657,42.583,57.361,68.212,65.588,66.634,67.683,72.249,65.313,56.805,54.986,70.397,58.75,60.485,62.935,60.424,63.124,61.71,62.355,62.746,66.576,61.501
AgOr48,52.956,57.658,54.096,57.165,57.165,53.621,53.92,54.034,47.945,62.976,66.061,62.549,58.453,61.758,63.216,59.591,58.997,62.012,58.055,57.376,61.154,60.664,57.755,52.326,51.415,49.173,51.112,62.031,59.379,61.603,62.365,59.727,61.984,61.424,59.762,57.541,58.482,52.821,61.113,60.116,60.904,63.688,61.896,59.685,84.908,87.336,86.583,86.961,86.503,86.748,90.548,91.015,90.13,89.283,81.371,74.57,90.65,86.908,89.926,90.479,91.118,90.74,89.193,91.331,91.375,87.403,82.318,100,66.065,64.458,65.507,65.933,75.968,61.476,56.929,73.079,66.301,71.021,68.927,67.17,62.268,67.442,72.651,68.758,65.503,67.035,67.889,68.333,75.603,73.022,55.935,58.48,56.248,59.692,55.33,46.935,57.034,55.045,44.917,54.765,64.186,61.399,60.172,64.056,67.896,57.874,58.364,55.166,66.339,54.287,58.332,62.397,63.18,62.493,63.418,64.606,64.399,58.347,64.47
AgOr26,51.319,52.409,51.899,51.682,54.237,51.731,52.133,50.867,53.814,57.922,58.587,63.593,63.156,65.431,68.018,63.091,64.898,64.591,55.242,57.218,57.805,58.559,59.995,55.793,54.828,53.614,53.992,59.964,55.437,61.869,62.172,60.269,58.241,59.389,59.36,56.088,66.091,57.844,60.76,66.748,63.146,66.085,63.744,59.215,64.26,64.936,65.86,67.309,65.789,65.347,66.095,67.121,64.559,65.268,67.05,65.208,64.757,61.205,72.031,68.344,68.991,64.953,63.663,65.41,65.866,67.57,62.917,66.807,100,95.666,95.464,91.92,85.3,58.378,61.086,53.837,68.745,69.835,66.459,64.989,60.734,68.585,68.583,69.698,68.501,69.366,67.966,69.044,68.298,65.609,60.047,62.981,61.025,62.228,54.303,45.999,50.822,53.441,46.736,51.799,63.988,61.643,64.46,64.424,64.782,56.308,59.14,57.243,67.824,63.811,60.229,62.547,55.835,61.693,57.682,60.034,60.079,56.972,59.412
AgOr56,51.923,53.55,52.838,53.933,55.557,52.666,53.144,51.701,54.015,56.12,58.345,65.757,63.757,64.797,68.276,62.054,63.57,64.575,54.79,57.315,54.441,57.815,60.767,56.344,55.474,53.816,54.103,58.629,53.766,60.608,61.715,60.37,57.818,57.706,57.698,55.739,66.855,58.334,61.075,67.798,62.038,65.782,63.007,58.373,63.788,64.412,65.386,67.268,64.074,63.714,65.132,66.444,63.712,65.078,64.638,61.06,62.176,61.969,71.653,67.026,66.36,63.39,63.427,62.928,64.159,66.567,62.479,65.71,95.634,100,98.694,96.124,86.823,58.014,60.228,51.291,67.574,69.97,65.122,63.396,60.198,68.937,67.579,68.508,67.737,66.74,68.653,68.534,67.145,64.294,60.716,60.001,61.532,60.558,53.766,45.753,51.681,54.035,45.115,49.611,66.116,62.662,65.166,64.229,65.46,57.39,57.333,56.557,74.204,65.449,61.308,62.215,55.338,61.145,57.357,61.187,60.331,56.913,59.676
AgOr57,54.174,55.454,55.162,54.884,57.044,54.633,55.266,52.807,54.792,60.361,60.443,67.006,65.839,68,69.048,62.939,64.664,65.595,55.89,59.872,55.614,57.872,62.352,58.404,57.498,55.655,55.418,60.793,56.4,62.916,63.215,63.752,60.096,61.046,64.684,58.59,67.963,59.897,62.256,68.531,63.293,68.993,64.155,59.831,65.395,66.738,67.26,68.31,66.512,65.899,68.142,67.081,65.857,66.476,65.422,64.628,63.978,65.139,76.959,68.975,68.125,64.214,65.198,65.485,64.051,68.804,64.458,66.603,95.792,98.694,100,95.924,87.503,59.692,61.464,54.466,70.285,76.496,67.943,67.742,61.853,73.835,70.159,73.231,75.113,71.568,71.869,71.87,71.719,65.912,61.228,63.903,63.719,62.011,53.818,45.633,54.263,53.499,45.296,49.817,71.662,64.867,68.055,67.195,70.294,60.415,59.77,58.009,77.436,65.659,61.356,62.197,56.381,62.261,59.73,62.613,61.836,59.059,61.964
AgOr27,48.64,50.081,51.208,49.065,51.301,49.11,49.42,48.832,49.278,53.924,56.134,57.289,58.46,59.262,63.674,62.003,59.726,60.71,52.883,54.468,52.569,56.998,56.162,52.069,50.923,47.358,50.492,54.502,55.535,58.839,59.165,57.168,56.66,57.444,57.771,56.29,59.468,52.948,59.184,61.691,59.625,62.806,60.469,55.874,65.999,62.55,66.023,66.973,68.197,65.25,64.995,65.391,63.407,66.648,65.571,66.387,64.186,65.321,72.342,66.35,65.79,65.233,66.28,60.902,64.716,65.486,61.113,67.506,91.876,96.26,95.924,100,89.771,57.179,58.209,52.615,63.526,67.916,66.318,65.473,58.133,64.735,66.786,64.978,64.933,64.73,64.676,65.751,68.813,65.246,57.448,57.271,54.358,54.501,51.852,45.746,55.798,51.351,44.578,51.932,60.935,55.079,60.102,57.755,60.726,55.881,53.98,52.156,66.517,58.934,58.71,64.381,54.524,57.86,57.225,59.894,57.337,55.19,56.852
CqOr73,52.394,53.167,53.374,52.02,55.221,52.054,53.895,53.473,51.589,56.575,61.821,60.932,63.494,63.782,66.849,63.571,60.992,64.705,57.15,56.639,60.182,62.165,62.63,56.634,55.864,50.058,53.664,59.929,62.681,61.991,62.313,62.594,63.868,61.622,63.096,58.988,62.35,55.414,61.654,63.606,66.015,63.348,65.654,60.197,72.225,68.166,72.512,77.994,71.822,69.846,68.943,69.273,71.004,71.478,70.092,70.299,69.765,75.941,78.803,71.642,71.382,69.464,76.315,69.655,71.109,66.692,64.399,77.606,84.369,85.505,85.957,88.595,100,60.669,61.752,58.283,65.691,73.449,69.58,72.435,64.041,71.283,73.17,74.881,73.112,73.65,71.086,74.046,77.014,70.383,55.185,56.85,53.84,55.568,54.818,46.068,58.03,52.613,46.644,56.269,62.639,57.114,63.618,59.845,62.845,54.503,55.285,54.192,67.956,58.755,62.656,72.268,58.565,61.674,61.948,63.075,60.128,61.127,59.272
DmelOr67b,54.256,56.836,55.295,56.364,57.951,54.536,56.875,53.663,65.938,66.139,77.198,82.282,67.757,80.428,80.466,66.481,63.54,69.814,67.373,65.861,68.391,74.634,74.076,64.518,68.957,59.084,61.293,73.646,76.59,80.456,74.299,72.93,72.99,65.029,67.138,59.148,80.218,70.569,76.998,81.572,66.588,74.339,77.368,73.516,59.876,64.451,62.533,60.871,61.336,60.363,65.49,65.974,65.156,62.137,63.984,61.802,61.311,55.407,68.544,62.486,62.881,61.341,62.113,66.979,66.293,63.073,62.486,67.14,61.738,61.59,65.601,60.637,65.221,100,87.904,61.29,77.913,77.667,76.85,77.808,73.256,79.309,82.95,73.836,71.226,81.651,79.87,77.203,78.9,74.419,62.655,59.747,60.392,60.925,55.707,44.247,56.261,53.059,41.774,48.604,75.579,75.929,68.148,68.357,70.062,64.108,63.033,65.907,73.032,63.841,64.062,71.218,62.715,66.219,67.182,70.736,65.66,64.755,63.551
BminOr12,53.032,53.245,51.909,52.785,55.052,51.527,53.906,51.175,59.134,70.747,72.417,75.852,74.481,78.561,85.871,67.549,67.621,74.641,64.887,67.915,63.615,64.889,69.025,69.339,69.648,63.239,64.899,67.985,65.512,82.355,74.54,69.905,64.884,67.425,63.047,59.968,75.874,71.244,69.02,83.383,64.866,67.371,71.558,68.815,57.644,59.489,60.222,58.295,59.93,58.027,60.88,61.455,61.046,59.767,63.044,62.855,58.134,55.701,66.281,61.158,61.043,57.975,58.743,61.783,61.189,60.26,59.224,60.534,63.512,62.721,64.165,60.486,64.895,86.468,100,57.874,69.866,67.563,66.3,68.542,65.598,73.312,73.39,70.569,65.811,69.664,68.96,68.631,69.4,68.359,69.819,59.663,60.099,60.795,55.007,41.79,53.688,50.312,41.664,51.875,72.819,75.461,67.156,65.855,66.838,64.498,62.903,62.153,68.819,65.743,63.558,62.047,60.424,62.478,62.47,64.255,61.425,61.074,60.004
DmelOr83c,47.05,48.032,46.916,47.288,47.156,47.786,46.492,46.816,42.139,71.288,64.479,58.244,50.867,55.658,60.841,51.732,51.863,62.367,53.653,54.892,57.804,55.953,52.059,45.148,45.257,43.812,44.27,54.051,57.321,58.806,58.431,55.5,55.686,64.113,59.349,57.724,52.634,48.385,55.085,56.937,57.199,62.119,56.684,55.834,62.006,65.034,64.727,60.954,64.624,59.891,63.124,64.761,66.644,75.131,65.229,61.868,69.505,62.681,65.199,70.534,70.705,66.927,64.864,68.682,68.796,63.604,57.104,71.858,54.144,52.492,54.944,52.998,58.622,58.26,55.469,100,65.474,63.691,63.31,63.855,61.016,63.41,65.564,60.088,60.334,59.607,58.961,61.88,65.65,66.104,48.216,50.209,51.603,52.245,49.222,37.181,49.053,47.16,39.169,49.638,61.736,63.014,56.771,58.738,60.908,55.849,54.026,52.702,61.57,49.46,50.726,54.629,53.814,52.599,52.729,56.119,52.305,49.116,54.534
DmelOr30a,53.314,57.189,56.718,56.662,54.669,56.366,59.438,55.034,53.589,78.115,77.488,81.606,61.145,73.233,84.982,63.847,64.566,77.475,74.193,79.61,79.584,78.643,75.001,66.31,69.386,58.975,57.546,75.518,65.983,81.406,81.631,76.271,66.735,75.025,73.918,68.492,77.696,66.941,70.923,76.756,64.936,80.365,79.005,78.573,58.035,65.808,64.098,64.065,65.671,65.186,66.517,68.781,67.081,66.622,61.65,56.678,58.905,59.992,67.547,65.789,65.964,61.755,60.974,67.021,64.513,67.253,65.493,63.956,64.824,63.834,66.151,59.681,63.677,71.13,62.926,61.557,100,93.144,89.583,90.875,86.991,93.199,92.363,89.908,88.407,90.393,91.947,90.943,90.225,91.438,70.483,77.407,79.411,78.575,57.117,44.628,51.988,50.778,41.456,52.464,78.174,84.105,82.711,82.055,83.454,75.508,68.021,69.54,73.377,61.927,62.817,62.025,64.134,69.015,62.339,70.495,63.575,65.586,65.769
DmelOr49b,54.296,56.356,54.508,54.396,56.99,55.451,54.166,54.674,51.852,77.1,76.071,77.879,66.85,77.452,84.528,74.34,70.259,83.992,76.787,80.146,78.442,78.575,71.542,62.643,61.844,57.82,58.875,74.785,68.42,78.48,79.841,74.208,71.079,72.156,74.216,68.46,75.136,66.927,72.334,76.553,63.409,80.053,79.226,78.979,59.485,60.682,63.573,64.049,63.938,61.695,64.155,64.406,65.159,65.261,62.185,60.544,61.131,63.74,65.573,64.983,63.623,62.32,61.279,64.214,64.917,63.392,69.736,67.591,65.697,65.563,69.644,63.528,70.59,65.369,62.749,61.93,92.65,100,92.844,94.138,89.555,96.102,94.87,92.868,91.736,93.318,93.694,93.084,92.156,90.843,74.758,77.613,77.473,78.151,57.213,44.599,55.44,53.141,42.055,52.579,73.04,74.174,78.655,72.181,76.23,69.898,69.027,67.449,70.397,60.212,65.406,65.222,64.739,67.717,62.624,70.854,67.439,73.043,65.025
AgOr2,62.453,64.863,59.082,63.329,59.453,63.236,62.647,58.203,50.553,76.438,74.781,75.769,63.323,75.405,79.982,75.634,59.437,75.234,62.826,69.579,75.881,73.855,64.998,60.94,60.146,52.615,56.717,68.725,65.302,70.199,75.017,68.22,64.758,65.205,71.278,66.698,65.808,59.887,63.149,66.916,59.839,76.909,75.687,77.781,60.32,59.871,60.666,61.085,66.308,59.643,65.284,65.225,62.818,62.583,62.311,61.015,59.999,63.206,64.825,64.946,64.743,63.991,64.09,62.425,62.146,63.453,64.727,65.514,63.3,60.785,63.706,61.721,68.178,62.938,59.553,60.714,89.81,93.33,100,97.631,92.053,95.105,97.726,96.964,95.888,96.453,96.895,95.382,95.794,93.022,62.044,64.55,74.057,73.126,54.13,40.683,54.988,49.773,39.897,51.034,66.146,69.294,69.209,68.002,71.65,63.356,61.489,58.4,66.848,55.904,63.036,66.518,64.531,61.656,61.939,66.799,61.578,67.621,60.724
AaOr2,55.05,57.258,57.165,56.346,58.041,56.595,56.54,54.742,50.512,77.431,77.086,77.723,64.536,74.522,82.945,77.835,61.965,81.423,63.791,72.92,76.965,75.591,64.953,61.486,60.683,53.086,56.772,68.189,68.403,79.146,78.515,68.657,70.293,70.147,72.432,70.025,71.026,65.096,64.88,72.934,61.422,78.171,78.842,79.566,60.554,59.742,63.732,61.583,66.007,60.23,62.935,64.212,63.339,63.194,62.409,61.178,60.63,64.821,64.522,65.051,64.486,64.219,63.949,61.704,62.978,62.201,68.104,64.085,62.846,59.999,63.798,60.478,69.645,69.661,60.926,60.54,90.699,94.404,96.914,100,94.815,97.968,99.456,95.563,94.951,95.758,96.006,94.983,94.472,92.087,64.848,64.964,73.995,65.237,51.757,42.342,55.07,48.792,38.333,53.155,65.868,72.022,70.112,65.139,70.436,62.905,60.046,59.384,65.678,56.543,62.52,67.685,64.436,62.743,64.892,63.642,61.577,71.935,60.413
AalOr2,56.008,57.267,57.255,56.257,56.991,55.592,57.091,53.854,49.503,79.199,79,77.497,63.376,75.385,82.932,70.758,61.94,79.748,64.412,77.607,72.537,74.02,64.787,61.638,60.608,53.222,56.322,71.308,75.394,79.068,78.949,68.444,67.88,67.204,73.621,68.696,73.7,64.839,71.224,70.468,62.2,79.601,78.144,80.536,55.689,58.965,59.431,57.279,65.04,56.41,62.069,63.169,61.931,58.806,58.855,58.7,58.727,64.093,64.141,64.419,63.569,62.822,62.453,60.999,61.39,61.027,64.585,62.285,60.178,58.655,61.424,57.91,64.775,61.989,61.661,58.269,91.417,94.395,96.076,99.606,100,98.096,98.782,94.143,93.212,94.989,95.49,94.081,92.934,91.388,72.438,75.542,76.866,77.106,52.143,39.145,54.213,48.14,37.261,51.623,65.23,76.208,72.448,68.194,72.748,67.104,60.474,59.635,66.107,57.254,59.489,64.171,63.38,65.259,61.154,62.723,59.3,67.451,58.331
TaOr2,53.519,55.663,54.489,54.652,56.495,54.875,55.195,52.68,54.464,79.94,80.225,83.499,73.726,79.196,86.471,75.535,72.66,84.731,74.804,80.213,77.354,77.376,76.343,69.918,70.315,58.117,59.997,78.916,76.624,82.037,82.964,76.673,74.64,71.145,75.26,69.241,80.087,69.226,75.749,80.328,65.332,82.072,80.88,80.607,57.689,60.008,61.444,60.487,64.374,60.893,61.973,63.983,62.369,61.592,61.11,59.634,58.666,63.919,67.167,66.855,64.583,62.349,62.217,63.809,62.759,62.88,64.703,63.423,64.806,64.667,66.121,59.908,67.334,63.338,62.923,59.196,92.651,96.102,94.259,97.708,93.129,100,97.344,92.637,91.918,93.496,93.868,93.612,92.006,90.02,75.54,77.707,78.213,78.289,56.807,45.443,53.649,51.794,40.841,53.81,75.826,80.831,83.076,72.32,81.427,73.343,68.946,69.614,70.441,62.574,66.335,67.631,63.019,67.784,64.709,68.04,66.83,71.646,64.587
CqOr2,61.928,65.662,65.278,58.252,64.672,62.584,64.559,57.465,51.958,78.747,78.885,80.224,64.764,77.039,84.231,78.334,63.352,82.528,72.039,76.697,78.467,77.815,67.139,63.226,62.263,56.091,59.67,75.39,74.707,80.299,80.358,75.634,71.158,74.16,74.234,70.479,74.63,65.422,71.891,76.096,63.934,79.946,80.015,80.211,61.354,60.913,66.3,65.044,68.727,62.581,67.246,67.806,66.383,64.39,63.893,62.934,62.497,65.173,66.868,69.308,66.395,64.154,64.976,64.615,65.668,64.496,69.771,65.093,64.711,63.595,65.469,61.337,69.451,69.716,63.465,62.083,91.842,94.757,96.944,99.192,93.804,97.344,100,95.37,94.299,96.009,96.151,95.14,94.85,93.188,64.643,76.166,76.625,77.061,53.511,42.775,55.132,50.781,39.365,53.405,68.381,77.153,72.277,69.613,73.553,67.333,62.211,61.842,70.163,58.45,64.04,67.63,65.434,67.153,66.314,68.168,63.137,68.854,62.134
AgOr10,54.115,57.661,54.686,55.529,57.895,55.446,56.94,55.22,53.974,73.081,74.747,77.798,64.639,78.388,81.429,77.439,60.436,70.521,63.176,68.723,66.604,72.914,65.975,62.591,61.691,53.801,55.322,66.584,73.434,70.435,71.408,67.753,66.674,62.731,65.278,62.584,67.627,59.02,64.538,68.297,62.158,77.369,76.292,78.214,62.803,60.653,61.044,63.428,69.827,62.454,65.409,66.111,64.271,61.48,63.412,62.926,59.844,62.224,68.797,65.401,65.601,64.374,66.632,63.601,63.521,63.923,63.805,65.307,65.305,64.06,66.345,62.119,70.242,65.151,61.622,56.527,89.566,92.751,96.033,95.446,89.48,92.83,95.504,100,98.863,99.156,99.037,98.288,97.545,92.841,64.291,77.452,77.642,78.012,54.029,42.967,53.973,48.467,39.078,50.773,67.048,71.161,70.028,70.947,68.9,64.234,60.326,58.938,73.732,61.024,64.785,73.074,64.562,65.963,67.825,67.169,63.132,70.577,61.195
AaOr10,52.752,54.24,53.529,54.115,53.312,53.297,53.946,52.569,53.66,66.694,70.621,75.259,64.283,77.816,77.873,77.179,60.272,70.85,60.671,66.255,64.201,65.783,64.715,61.424,60.08,53,53.515,65.088,64.004,65.775,68.169,65.298,63.131,60.346,61.275,59.906,65.808,59.154,63.297,66.079,59.262,70.294,75.505,74.779,57.562,58.827,59.207,59.725,68.465,58.812,64.055,63.908,62.486,59.41,61.872,62.186,57.006,60.281,67.014,64.022,63.238,62.932,65.81,61.513,61.189,61.217,61.809,62.604,63.494,61.081,65.331,61.08,69.858,61.003,59.056,55.207,88.005,91.602,94.878,94.807,88.458,91.933,94.156,98.763,100,99.435,98.499,97.501,96.668,90.251,63.931,69.317,69.68,66.29,54.58,43.137,53.755,47.954,39.893,50.116,65.515,69.203,70.872,69.04,67.65,62.189,58.201,57.335,69.585,59.608,64.299,70.461,64.189,61.886,64.086,63.554,60.41,65.762,60.848
AalOr10,53.87,57.184,56.396,55.752,57.54,54.03,55.971,53.418,56.104,75.228,76.57,81.547,65.056,78.763,81.93,78.029,62.856,73.069,64.073,74.258,67.423,74.456,67.353,63.586,68.398,55.211,55.817,68.498,73.737,76.086,72.028,70.496,66.792,63.191,66.069,62.277,74.556,64.925,71.258,69.624,62.985,78.07,78.431,79.112,58.147,60.975,60.839,63.335,68.635,59.969,67.656,65.617,64.51,61.075,63.058,62.997,56.288,64.565,68.07,65.405,64.868,63.069,65.91,63.926,62.563,62.809,64.839,63.874,65.212,62.291,67.15,61.441,69.628,63.487,61.234,56.944,89.918,93.674,95.613,95.64,90.223,93.496,96.077,99.027,99.435,100,99.047,98.2,97.522,92.304,64.291,78.08,78.181,78.876,54.567,42.894,53.503,50.14,38.758,51.403,73.247,76.157,72.764,71.055,69.723,65.477,61.209,60.871,74.406,61.818,65.781,70.132,64.644,65.86,67.068,70.94,61.966,68.859,61.574
TaOr10,56.45,57.697,57.064,56.812,57.971,56.704,57.044,55.735,56.392,74.971,75.584,79.094,65.03,78.653,80.585,76.644,60.611,70.418,62.789,68.314,71.578,73.395,65.888,63.254,62.755,55.82,56.832,72.372,66.893,75.015,75.296,71.21,67.548,63.316,65.699,64.402,68.724,62.869,64.947,69.021,62.674,78.512,77.882,76.972,58.69,61.678,60.837,64.545,70.379,61.572,69.168,70.509,66.874,61.503,64.524,61.512,59.031,64.747,69.887,66.482,65.63,63.953,67.357,65.943,63.79,64.121,64.534,64.206,65.255,62.767,66.81,61.203,68.559,63.165,63.14,56.365,91.436,93.834,96.213,95.88,90.752,93.925,96.171,99.037,98.409,98.935,100,97.608,96.729,92.463,65.835,77.407,78.109,78.372,56.527,41.841,54.729,50.263,39.769,52.397,72.063,77.105,72.375,72.886,72.783,67.095,61.479,61.315,74.534,60.348,65.136,68.889,69.147,68.235,68.217,68.682,65.206,74.703,62.467
CqOr10,56.229,58.049,57.645,57.34,58.607,57.034,57.285,56.696,56.13,73.861,75.713,78.389,63.983,77.903,80.702,70.393,60.917,72.774,71.389,73.96,74.147,75.202,73.067,63.693,65.502,54.315,55.412,71.406,72.723,68.825,70.879,67.457,66.264,60.682,65.971,63.189,74.281,65.215,71.423,70.146,64.608,78.488,76.425,77.42,61.721,63.396,64.293,64.175,66.396,62.485,68.326,66.387,65.924,62.251,62.506,61.231,59.706,63.518,68.719,68.064,67.863,66.497,65.244,66.596,64.918,63.928,63.209,67.108,65.497,64.637,70.758,62.761,71.169,68.402,60.98,57.383,90.621,93.12,95.213,95.205,89.671,94.013,95.51,98.55,97.761,98.329,98.062,100,97.779,93.029,63.842,77.47,77.56,78.173,56.641,44.723,53.077,49.109,40.546,53.329,73.533,75.284,73.395,72.669,73.283,66.197,61.848,60.596,78.753,62.8,65.998,72.921,66.198,68.314,68.366,72.252,63.334,70.944,61.918
AaOr9,58.746,64.741,61.226,65.091,59.138,63.482,59.84,58.972,53.665,75.455,75.916,75.864,63.789,77.226,82.245,77.779,61.971,74.24,66.501,69.912,78.698,77.87,65.657,61.289,60.419,52.842,55.5,67.351,67.476,77.171,77.684,67.444,66.887,66.18,69.989,64.543,67.089,63.706,64.297,67.742,62.954,75.556,76.796,76.44,62.626,64.936,66.114,67.031,70.258,64.837,69.54,70.086,67.949,65.365,67.12,69.003,65.033,65.717,70.802,67.433,66.188,66.943,69.142,65.048,66.754,64.992,70.911,71.738,64.358,63.198,65.306,64.546,73.353,72.018,63.099,62.443,90.513,92.613,95.554,94.619,88.735,92.487,95.042,98.065,96.853,97.556,97.336,97.913,100,94.883,62.419,75.335,72.074,69.666,52.243,43.297,55.023,48.657,39.555,52.886,67.592,68.362,69.062,70.27,74.168,64.315,60.328,60.248,68.768,55.731,63.698,68.527,66.115,62.72,63.045,69.997,62.144,65.919,61.227
DmelOr43a,56.991,66.12,63.931,57.195,61.83,64.06,59.628,61.337,50.183,75.034,73.898,69.818,60.481,72.516,75.403,65.016,58.767,71.156,63.812,69.252,79.514,77.933,64.069,59.071,59.728,53.843,55.439,67.194,66.7,74.698,73.9,66.239,68.522,64.075,71.082,65.371,64.874,57.38,63.161,66.014,60.612,69.624,72.045,77.039,60.777,61.493,65.135,62.592,67.474,63.036,65.287,66.181,66.268,65.285,61.099,59.949,60.65,58.609,64.492,62.915,62.534,64.76,63.946,63.621,63.324,63.141,67.505,70.943,61.575,60.018,62.304,61.583,65.855,64.501,63.077,62.302,91.164,90.994,92.586,91.928,86.831,90.146,93.267,93.078,90.404,92.56,92.764,92.838,94.531,100,62.501,65.894,75.751,76.577,49.53,41.403,53.755,50.549,38.688,51.167,65.571,71.215,68.292,69.656,72.461,66.899,63.411,60.802,69.842,54.95,60.179,69.586,67.013,67.45,68.221,68.414,61.711,65.571,61.342
DmelOr56a,49.025,50.66,50.071,49.352,48.917,50.789,50.114,48.751,51.802,61.709,60.682,75.936,65.553,73.321,69.054,61.64,60.066,67.077,61.974,64.601,59.285,59.748,61.349,67.712,60.665,56.289,57.022,62.474,63.206,63.277,67.808,63.188,61.16,59.549,59.697,57.624,74.001,59.714,64.436,69.059,60.765,66.314,70.549,63.56,52.033,56.139,55.922,56.754,57.705,56.995,59.55,60.826,57.758,57.295,57.887,54.337,53.357,55.657,61.811,59.693,60.033,58.674,59.127,58.232,57.004,58.535,57.581,60.118,62.923,63.269,63.662,61.085,60.085,64.156,66.646,52.7,83.136,81.373,69.631,72.927,69.504,84.604,83.561,71.482,71.398,72.454,74.27,71.83,69.926,70.505,100,71.091,83.598,84.085,57.656,46.146,55.291,50.077,42.466,50.007,73.031,70.868,78.973,67.689,71.293,62.348,65.866,65.577,73.26,64.878,65.399,62.543,61.618,67.712,61.518,60.961,60.664,62.563,59.947
AgOr11,49.129,53.749,51.116,50.267,51.672,50.792,50.157,52.311,52.964,67.775,66.118,77.12,63.412,77.19,78.178,63.943,65.643,70.045,64.523,68.155,63.822,64.989,62.419,58.788,58.634,55.281,53.734,63.015,63.106,64.413,67.633,65.421,63.2,61.096,63.183,58.249,76.141,66.781,62.852,71.346,63.967,77.452,64.626,64.216,53.487,59.028,59.112,61.031,60.43,60.391,62.684,64.199,61.294,62.232,60.401,53.962,53.983,59.421,65.251,64.339,63.808,61.207,60.813,63.62,61.193,63.424,61.051,62.229,66.732,63.792,65.038,58.26,60.524,58.71,61.303,54.414,86.457,86.321,72.136,74.71,71.722,87.87,85.839,87.447,74.355,87.717,87.267,87.337,84.476,73.953,71.846,100,91.117,92.608,56.807,41.015,49.223,52.041,42.249,52.267,81.171,72.148,79.522,82.114,82.305,73.304,67.246,70.304,79.954,63.348,64.689,63.554,62.972,68.697,61.707,69.38,62.896,59.116,69.013
AalOr11,52.193,54.478,51.817,52.1,51.704,51.526,51.822,50.423,54.437,70.437,73.324,83.65,63.006,68.693,81.628,69.088,69.558,72.022,72.471,78.2,63.526,64.015,65.501,62.111,60.86,58.847,56.797,68.689,58.209,69.568,73.145,70.134,65.848,60.346,66.123,60.323,78.597,70.491,64.442,72.338,62.735,81.774,66.257,66.965,54.133,62.131,57.771,60.971,64.445,62.612,65.736,66.585,63.249,62.096,57.24,54.679,53.961,66.247,66.819,66.753,66.711,57.363,58.693,64.612,60.366,65.699,64.323,61.76,64.262,64.557,66.294,56.815,57.417,60.959,60.871,54.82,88.557,86.758,77.94,82.784,81.583,88.13,86.035,86.939,78.477,87.73,87.689,87.068,77.248,85.29,72.485,90.48,100,96.29,57.251,43.201,49.34,54.292,42.296,53.001,81.301,84.299,84.785,86.421,85.333,76.14,70.36,71.753,79.736,63.494,62.088,60.988,64.222,68.764,61.043,63.192,67.303,59.864,65.345
AaOr11,53.932,55.508,52.869,52.437,52.805,52.348,54.788,51.525,52.722,67.323,66.725,69.051,61.769,67.59,76.906,64.069,64.826,69.071,65.667,69.299,64.7,64.418,63.168,59.451,58.752,55.442,54.958,65.215,62.903,67.072,68.803,65.997,65.249,58.789,63.838,59.127,66.848,58.487,62.665,67.067,63.429,78.113,65.44,65.266,53.698,59.545,57.426,60.085,61.521,58.388,63.196,64.057,61.434,60.393,60.582,54.516,55.514,60.439,64.338,64.443,64.228,61.1,60.393,63.237,58.731,63.068,60.193,63.769,65.545,63.349,64.758,57.667,58.924,59.766,61.601,54.977,87.702,87.55,84.653,84.65,82.041,87.917,86.849,87.434,73.233,88.269,88.13,87.242,75.232,85.977,84.192,92.046,96.29,100,59.649,43.653,53.024,53.144,41.399,53.842,80.451,78.181,79.686,83.625,83.095,67.541,65.054,72.109,69.615,61.04,63.143,63.432,65.817,70.107,63.476,65.406,61.801,59.805,63.92
AgOr59,42.143,43.221,42.748,42.827,44.187,42.593,43.185,42.346,48.428,53.058,57.646,56.108,56.402,59.722,62.151,55.862,56.967,56.009,55.113,54.583,51.103,57.304,54.029,51.036,51.055,48.384,46.868,52.424,51.599,53.56,53.666,54.912,53.691,50.852,53.166,47.293,56.595,49.552,53.919,56.257,58.116,61.355,56.425,52.903,51.838,56.332,56.398,57.131,54.028,55.35,57.722,58.176,57.415,59.015,56.91,53.241,52.425,53.268,60.697,59.142,58.733,59.628,55.696,60.421,58.142,57.442,51.053,58.012,56.142,55.852,56.393,53.646,58.035,53.306,55.141,51.592,62.25,62.685,57.792,57.326,53.822,62.532,58.413,60.097,60.116,60.566,61.813,62.137,59.567,56.37,56.844,58.407,57.139,57.851,100,61.548,56.203,59.271,45.86,57.293,67.215,61.132,59.217,60.316,61.216,58.193,52.948,51.373,63.432,58.096,59.678,58.863,57.986,66.338,62.606,62.215,62.098,58.14,60.208
CqOr136,33.842,34.665,34.157,34.23,35.768,34.126,34.541,33.795,40.932,44.186,51.882,47.454,48.692,46.063,52.989,51.022,50.199,51.012,46.987,46.357,46.665,50.467,43.376,44.652,44.952,42.85,44.338,46.077,45.276,45.467,45.557,45.812,44.934,44.334,46.068,41.194,47.304,40.549,45.724,46.887,45.641,47.289,47.813,44.663,48.297,49.581,50.227,52.782,49.66,48.351,50.866,50.84,52.201,53.111,52.876,50.369,50.958,44.734,51.006,50.805,50.756,51.182,49.547,50.82,49.486,49.677,45.809,51.428,49.378,49.519,49.69,49.449,51.372,43.907,46.638,40.002,51.832,51.97,47.042,49.225,44.939,53.338,49.625,49.546,47.851,49.788,49.733,51.149,50.004,46.477,46.717,43.444,44.124,44.385,59.565,100,53.391,52.886,42.95,54.776,49.304,48.361,46.092,44.897,45.457,42.202,41.586,41.952,50.714,47.211,47.336,50.826,48.497,51.865,50.791,50.824,48.982,47.819,47.366
CqOr44,44.503,45.816,45.431,45.45,46.598,45.826,45.147,43.754,44.688,51.887,56.601,58.202,52.14,53.275,57.371,54.938,52.112,57.402,50.752,56.204,54.029,54.784,53.898,51.084,47.729,48.657,48.202,56.525,56.567,58.597,58.706,54.784,56.835,54.656,54.264,51.26,53.671,47.03,52.551,54.546,53.425,55.731,57.081,56.352,58.103,56.087,56.973,58.207,61.083,58.128,57.733,59.212,58.479,60.263,60.362,60.701,58.136,54.518,60.645,58.354,57.464,59.99,58.827,58.558,59.342,60.247,56.496,61.008,55.614,54.923,57.196,58.734,62.18,55.655,54.968,52.976,58.37,62.276,61.995,61.855,58.536,61.045,62.4,60.969,60.944,61.585,61.82,57.512,62.133,61.005,55.562,49.779,48.455,53.687,56.28,57.263,100,57.568,45.577,56.547,57.243,54.265,56.533,52.443,54.175,51.683,51.148,49.122,57.108,50.321,54.286,57.83,55.794,58.691,58.654,55.684,55.188,54.421,52.433
AalOr88,41.85,43.428,41.489,41.769,41.438,41.592,41.483,41.147,46.83,49.115,51.813,55.075,51.076,51.267,56.917,52.745,57.297,55.869,49.023,52.409,53.89,56.568,49.503,46.274,45.308,49.297,48.491,54.127,50.959,53.099,52.408,52.088,53.728,46.487,53.444,45.507,53.077,45.871,49.991,54.927,53.067,53.234,52.831,50.013,53.539,57.455,56.201,54.87,48.248,56.887,58.303,59.525,59.355,57.229,54.966,50.816,54.348,50.873,53.761,56.758,57.004,51.618,50.295,57.389,59.498,57.139,51.025,56.515,54.885,54.869,54.664,52.417,54.467,50.439,49.5,48.371,55.418,57.709,54.258,53.815,51.486,56.444,55.933,53.265,51.321,54.031,53.232,52.755,53.532,55.184,48.236,50.114,52.097,51.334,57.714,50.024,57.494,100,45.459,50.83,55.646,52.589,55.309,57.154,57.436,53.627,52.39,50.766,62.343,55.029,54.234,56.055,53.053,58.133,58.868,59.266,59.511,56.084,55.995
AgOr64,35.959,36.293,36.145,35.699,37.143,35.54,36.273,36.247,38.04,39.607,41.187,42.418,43.676,44.13,46.045,43.203,45.515,45.514,39.851,43.379,40.197,43.063,42.171,37.33,36.238,39.235,38.923,42.958,42.024,43.77,43.659,42.822,42.038,39.942,42.098,38.955,44.544,38.405,41.783,45.004,44.091,45.158,44.06,41.827,49.86,47.014,50.385,51.177,43.902,51.517,49.602,50.936,49.313,50.057,48.309,44.85,46.467,43.02,49.709,48.008,49.386,46.835,43.26,48.924,51.415,47.382,42.618,49.064,48.669,46.255,45.441,46.162,48.412,41.513,40.733,40.76,45.951,46.181,44.389,41.956,39.403,45.385,42.774,43.075,43.454,44.36,43.672,45.499,44.086,42.577,42.388,41.421,42.136,42.087,45.984,41.136,46.955,46.804,100,40.13,45.835,42.495,45.26,45.604,45.707,42.197,40.532,39.977,44.13,45.901,44.828,41.842,40.563,45.399,42.398,43.989,44.16,39.952,41.308
AgOr75,41.859,42.666,41.508,42.42,43.289,42.525,42.59,40.636,43.373,53.652,58.357,54.113,55.547,53.6,57.433,55.632,52.133,54.588,50.82,50.129,49.74,54.099,48.376,46.689,45.145,42.954,42.575,53.19,53.926,54.152,54.86,50.718,52.226,49.768,54.038,48.086,51.008,45.478,55.35,54.108,52.819,55.081,51.274,50.619,55.521,55.433,59.126,60.71,59.936,57.519,57.568,57.074,61.666,62.045,60.379,57.134,58.947,61.837,60.031,60.024,59.163,59.515,58.17,59.148,59.524,57.468,56.363,56.538,53.354,50.923,50.867,52.962,58.932,47.753,50.003,51.107,56.763,56.773,55.849,59.123,53.218,59.018,59.304,55.873,55.245,57.549,56.526,57.655,58.92,56.9,49.529,51.363,51.478,52.314,55.634,51.819,55.089,51.194,39.432,100,54.151,54.183,51.644,52.789,53.686,49.305,47.964,46.649,58.106,49.433,51.239,55.919,49.978,52.681,53.902,53.912,52.416,52.993,49.643
BdorOr94b,56.186,58.645,56.792,56.79,58.427,57.024,56.736,56.826,53.671,77.173,77.376,77.995,61.851,75.432,84.628,63.167,64.504,70.248,78.567,78.038,63.253,63.669,74.211,63.082,65.131,57.057,56.714,76.375,67.312,75.716,73.06,73.774,71.339,66.524,72.432,60.66,81.339,70.863,76.547,82.217,74.864,82.675,77.003,75.47,60.035,63.148,62.181,61.753,63.17,61.107,70.632,65.856,65.065,65.387,62.179,57.913,57.384,56.129,73.528,66.218,66.554,60.569,61.907,66.77,65.233,65.321,62.934,64.921,70.983,63.944,71.818,61.374,63.389,72.048,69.56,62.148,81.77,80.115,69.978,71.571,70.381,82.787,73.279,71.811,70.082,71.967,77.551,78.589,72.4,72.623,67.099,77.232,77.53,76.931,59.434,45.317,54.223,54.109,43.606,53.424,100,81.114,80.193,80.862,83.841,75.258,72.798,71.869,86.455,65.104,66.536,73.492,69.09,75.296,71.784,72.702,72.536,69.849,71.749
DmelOr46a,53.91,55.715,55.302,53.245,52.903,54.125,53.36,52.185,57.668,74.598,75.359,80.401,63.597,74.974,85.582,63.272,67.019,81.929,67.001,74.15,68.939,69.983,67.191,72.535,71.786,62.694,62.675,76.25,62.279,80.737,80.292,75.69,67.949,70.86,72.492,65.393,76.983,67.74,72.024,78.119,60.49,81.154,75.869,75.226,52.29,58.419,55.483,57.558,57.957,56.29,63.113,63.394,61.098,58.978,60.493,55.56,53.834,58.975,62.668,61.77,60.909,54.542,56.091,63.299,61.177,62.188,60.943,60.021,59.487,59.777,61.563,53.599,55.088,69.51,69.308,60.877,85.053,77.576,70.03,72.999,73.778,81.79,78.631,71.541,70.251,78.118,78.511,76.685,69.726,70.457,62.397,68.794,76.784,71.048,56.006,41.843,48.555,50.548,38.67,50.215,76.177,100,86.933,86.053,87.428,80.353,77.158,76.211,80.541,71.167,69.275,62.718,62.917,71.966,64.06,66.13,71.079,68.589,63.395
DmelOr71a,50.544,52.06,51.197,50.541,51.036,50.003,50.575,48.924,52.083,65.872,64.82,79.319,74.635,76.423,83.484,63.074,71.364,78.287,67.5,65.312,59.394,60.576,71.014,69.246,68.366,57.968,57.331,72.953,61.207,77.05,78.876,75.9,65.644,60.854,70.28,63.972,79.227,69.517,70.486,79.97,61.108,80.852,75.742,74.917,52.445,59.341,57.991,57.918,56.628,59.997,61.958,63.019,62.037,59.185,58.712,54.899,54.973,54.55,61.03,60,59.627,55.475,56.713,61.563,60.143,62.195,59.864,57.229,61.483,61.652,65.274,58.638,58.893,59.692,63.225,53.81,82.413,80.345,69.031,70.493,69.439,83.434,72.626,73.923,72.646,75.668,74.973,74.904,71.442,68.685,65.875,70.655,76.163,71.78,54.031,40.189,48.76,50.499,41.446,48.895,75.062,85.661,100,89.252,90.311,75.898,71.687,64.914,83.354,77.551,76.292,64.977,61.656,66.525,60.682,63.2,65.125,64.481,63.766
DmelOr94a,52.886,54.931,53.353,53.966,52.963,53.703,53.885,51.618,53.851,67.87,70.007,78.998,61.324,73.253,80.76,63.824,63.833,68.786,71.454,73.973,68.356,68.309,63.749,60.044,60.881,59.739,57.217,74.54,59.136,70.216,69.81,70.791,64.792,58.258,64.804,56.353,75.133,66.06,63.671,75.935,62.168,80.657,68.856,73.449,53.752,62.774,60.676,62.196,63.52,63.635,67.025,65.821,63.6,64.368,58.085,54.958,54.239,62.997,66.92,64.864,65.84,58.402,55.467,65.257,65.171,67.203,62.069,61.396,62.252,62.475,64.627,57.172,57.77,60.316,60.174,56.857,84.246,77.664,71.48,69.577,67.3,79.526,73.737,73.292,71.982,73.814,75.263,79.054,72.788,73.199,70.989,74.846,79.298,76.911,56.242,39.301,46.176,54.878,41.918,49.195,76.186,87.09,91.361,100,97.534,80.985,75.983,75.24,85.063,66.012,64.223,66.835,66.234,79.084,65.867,71.887,79.756,64.532,72.327
DmelOr94b,54.985,57.582,56.576,53.731,54.453,56.125,54.44,55.517,54.054,74.271,74.696,79.672,62.022,76.982,81.931,65.073,64.357,69.487,71.71,74.525,72.139,73.645,65.81,60.811,61.673,58.617,57.197,77.076,61.209,77.692,76.969,76.024,70.741,68.095,72.479,63.072,76.919,67.123,71.199,77.157,64.226,81.925,74.655,75.923,56.678,65.629,63.609,63.476,62.34,66.039,68.154,71.118,65.103,68.228,59.809,54.826,56.506,62.72,68.739,67.916,68.852,59.103,58.947,68.614,67.998,72.497,67.932,65.224,62.108,62.745,66.502,58.78,61.063,63.413,61.697,59.073,84.727,80.122,71.107,70.211,72.619,83.577,80.88,73.777,71.741,75.518,78.65,80.341,74.901,75.46,71.758,74.85,78.014,75.962,56.123,41.105,48.321,54.139,42.024,49.487,78.635,87.422,91.534,96.459,100,81.353,75.582,74.646,85.948,66.375,67.087,66.465,64.679,78.392,64.135,73.483,76.849,71.911,71.031
AgOr1,56.981,56.916,55.337,56.324,54.809,54.302,54.075,55.029,54.343,76.884,78.354,76.408,62.334,70.253,81.687,63.963,69.363,69.251,74.094,77.649,68.72,70.454,65.564,60.853,60.132,57.866,57.732,75.527,64.613,77.632,71.564,70.431,68.968,63.063,73.707,57.926,71.223,69.276,71.443,77.862,73.185,84.244,66.499,69.825,54.058,60.335,58.194,56.775,57.735,56.398,62.893,63.877,58.986,59.417,58.4,54.903,55.32,59.474,66.552,65.762,65.23,59.38,59.138,64.159,58.943,65.065,61.338,59.009,59.259,61.714,63.486,57.219,58.395,66.489,65.006,57.841,83.615,77.119,70.245,69.003,68.404,77.537,75.365,71.367,69.643,72.586,74.601,73.502,71.265,73.552,62.131,72.213,75.596,67.457,58.164,39.579,50.972,54.124,41.847,50.327,78.562,85.424,85.992,86.987,88.685,100,79.43,78.018,86.334,65.1,68.974,68.037,64.652,77.718,68.068,72.551,80.175,66.432,70.617
AgOr9,50.982,55.486,51.971,50.86,53.922,54.292,53.419,53.468,51.372,63.4,69.525,72.526,68.765,73.887,75.043,60.259,61.657,65.075,71.706,74.315,62.481,62.459,64.672,59.512,61.273,58.085,59.229,65.301,61.901,67.962,66.868,69.134,65.302,58.65,69.592,56.586,69.747,63.096,61.674,70.896,64.604,78.115,69.144,69.172,56.481,58.661,58.012,58.288,56.308,57.417,60.14,61.996,61.69,59.669,61.953,54.961,56.11,52.781,63.579,59.503,60.68,57.95,57.492,62,60.88,60.164,57.497,63.168,61.668,61.303,64.246,57.484,60.54,64.83,64.749,57.274,76.636,78.315,68.293,68.101,64.267,77.152,71.119,68.731,66.31,70.481,70.015,74.218,68.955,70.861,61.336,70.017,72.249,73.465,53.994,40.076,51.743,55.131,41.929,49.548,77.16,86.652,78.551,83.65,84.435,81.096,100,87.951,83.033,62.794,65.647,68.484,64.91,75.984,68.294,72.485,69.669,67.871,68.827
AgOr65,53.451,56.14,52.439,51.37,52.88,53.449,50.863,51.048,53.658,63.755,65.39,74.591,64.941,69.943,78.375,60.806,62.788,66.239,68.155,73.077,60.229,61.183,66.239,63.095,61.835,58.438,60.171,66.725,62.24,74.428,68.7,67.778,67.171,59.189,66.327,57.628,73.245,64.242,63.496,74.29,64.39,78.017,66.982,67.555,52.725,58.521,56.34,56.744,54.801,56.55,60.921,61.632,59.874,59.364,61.177,53.978,54.389,52.299,62.258,59.797,60.352,57.341,56.198,61.255,60.639,61.198,56.885,60.269,61.919,60.775,62.615,54.284,58.572,65.184,64.542,56.407,79.819,73.762,66.523,65.995,63.797,72.411,70.533,68.688,66.23,70.332,70.558,70.144,69.725,71.173,67.849,71.207,72.172,74.331,52.597,40.609,50.789,53.826,41.445,48.42,77.622,86.965,74.299,83.792,84.107,80.79,89.262,100,80.317,64.314,65.39,64.931,65.387,70.476,67.609,70.659,68.821,64.081,65.219
DmelOr19a,51.875,53.727,50.992,53.722,55.899,53.322,53.714,53.027,53.904,68.887,71.699,75.192,62.57,74.3,80.484,65.894,64.541,65.669,70.981,64.762,58.938,65.474,66.473,62.115,60.939,54.792,55.213,74.455,63.211,73.474,69.756,75.195,72.354,62.425,70.88,58.258,69.064,67.108,72.51,76.555,66.624,80.741,71.544,69.324,61.8,63.478,63.261,60.981,62.179,65.244,66.204,66.941,65.336,67.764,61.263,55.536,58.441,65.111,74.714,72.93,73.42,63.364,64.35,67.67,66.141,66.878,65.182,70.011,65.725,71.589,75.091,64.34,66.815,67.681,63.685,60.655,72.21,73.274,68.734,68.331,64.253,72.488,71.972,77.417,73.601,76.595,74.843,81.202,70.626,71.82,64.914,72.188,75.198,67.125,58.96,44.683,52.159,58.806,40.868,54.334,82.674,75.956,85.265,84.79,86.504,79.707,72.511,71.824,100,71.654,84.483,83.409,72.269,83.191,81.466,83.639,81.847,80.321,77.353
DmelOr33c,41.984,43.285,43.026,42.563,43.512,42.731,42.304,41.69,53.733,51.403,54.082,61.968,62.089,62.976,68.312,59.17,66.728,65.695,52.045,53.726,51.398,53.552,62.346,60.803,59.522,63.101,58.865,59.761,54.833,60.888,62.007,58.224,54.577,53.874,56.882,52.839,68.834,65.023,59.119,68.429,58.92,65.687,62.314,59.371,52.115,56.164,55.908,55.397,50.583,57.822,57.779,58.658,58.271,58.031,54.134,50.424,48.92,51.578,57.504,57.464,57.092,51.851,50.973,57.752,57.802,57.725,52.362,52.802,60.929,62.623,63.198,57.874,57.437,58.445,59.999,46.103,63.87,61.5,57.717,58.308,55.572,64.933,59.997,62.4,61.611,63.307,62.485,62.965,57.564,55.778,58.85,57.103,58.513,55.541,53.726,42.569,45.54,51.269,42.103,46.874,62.164,72.174,80.949,66.498,66.78,59.965,55.378,57.689,70.034,100,84.741,61.063,55.053,63.4,61.428,62.786,65.367,62.37,62.013
DmelOr59a,48.006,49.162,48.48,48.471,50.638,48.068,48.01,46.849,56.275,56.065,56.981,63.778,63.398,66.936,73.381,63.718,66.912,67.707,58.957,60.137,57.8,61.509,66.375,65.577,62.171,58.324,53.202,61.272,68.162,63.29,65.595,63.851,59.777,56.517,62.439,54.274,75.226,66.497,70.392,75.927,70.338,68.305,71.234,60.92,57.957,59.045,59.022,59.638,55.46,59.434,62.063,61.819,60.785,60.741,59.43,54.239,55.356,53.645,61.465,59.626,59.716,57.076,56.736,60.41,60.238,61.204,56.572,57.869,60.276,61.38,61.206,58.522,62.838,60.279,61.053,53.79,66.292,68.276,61.133,66.477,60.51,70.062,66.442,68.626,68.13,68.661,68.532,69.573,67.073,63.369,61.456,59.98,58.388,59.446,54.459,43.054,51.091,52.488,41.181,49.362,65.585,71.73,77.822,65.763,69.64,65.922,57.88,59.64,86.401,87.716,100,78.843,61.1,72.124,69.873,70.963,69.833,68.475,66.265
BminOr24,51.467,53.212,52.32,54.312,56.358,52.794,51.429,52.064,52.803,58.952,65.684,60.357,62.344,73.604,70.978,71.115,61.622,63.333,60.32,61.341,61.069,64.069,60.539,57.183,56.342,50.725,51.904,59.803,64.412,59.771,59.992,60.252,64.233,56.985,64.314,54.911,62.737,55.716,61.519,64.257,61.351,70.395,68.253,63.138,59.81,57.708,59.824,61.123,63.434,58.22,60.307,59.769,60.364,61.567,62.914,61.246,60.215,65.43,67.109,63.284,60.393,62.093,62.653,60.252,61.094,60.531,58.645,62.263,61.747,62.479,62.252,63.556,71.965,63.996,60.891,51.545,64.856,67.759,69.223,70.707,61.753,66.947,71.903,74.202,72.116,73.821,72.484,76.543,71.342,70.773,58.525,62.129,57.255,59.339,56.124,46.105,54.05,52.568,38.507,52.993,72.666,65.052,69.304,67.469,66.182,63.808,63.664,62.147,85.223,62.737,80.094,100,83.316,87.149,87.551,87.913,85.482,85.164,83.145
DmelOr7a,51.573,53.123,50.471,50.878,52.917,52.71,50.656,52.9,49.396,62.038,63.817,60.585,56.292,63.343,65.632,59.638,57.015,62.067,60.408,65.338,65.171,62.795,57.249,53.826,53.324,51.665,52.746,60.883,60.102,61.707,61.616,61.088,62.437,57.094,62.738,54.407,60.692,54.152,57.803,61.584,60.572,66.161,62.486,63.956,56.91,61.97,62.413,63.12,63.046,57.7,60.725,62.043,61.377,65.19,61.716,58.526,59.972,61.643,71.353,63.714,63.582,62.154,60.751,66.586,65.292,63.228,59.409,67.122,56.079,56.082,56.927,55.001,61.31,61.432,59.585,55.786,70.421,70.757,70.495,70.636,66.086,69.658,71.704,71.139,69.573,71.204,72.723,71.45,72.017,72.947,60.883,59.965,63.129,63.218,57.809,43.88,52.614,54.657,39.605,50.319,71.283,67.636,65.94,73.32,74.765,64.598,62.644,62.084,77.013,60.493,67.365,87.814,100,90.499,91.522,87.448,88.884,84.378,86.648
DmelOr22a,50.281,50.938,50.333,50.821,51.171,49.884,50.683,49.697,54.566,60.505,67.174,64.329,60.551,71.457,71.445,61.094,62.338,65.202,65.609,65.73,63.491,66.003,61.141,58.368,57.608,54.862,54.364,64.704,63.406,61.92,64.64,62.687,67.134,58.176,63.907,55.44,65.528,60.894,61.902,70.056,62.34,75.469,64.554,65.302,58.01,61.323,60.857,62.184,59.489,60.585,62.972,63.227,61.444,63.791,59.344,55.317,54.824,63.836,73.236,70.28,65.145,62.562,60.997,65.184,66.035,63.431,59.576,62.763,60.751,60.068,61.786,57.626,62.002,62.193,60.41,52.262,71.781,71.784,65.107,66.616,63.4,72.26,68.04,69.988,65.331,69.84,72.537,71.919,66.147,70.7,62.557,65.825,64.506,65.635,62.162,47.129,54.936,56.986,43.046,52.216,75.161,72.97,69.52,75.82,79.626,72.768,67.011,63.18,86.033,67.103,82.323,87.615,86.628,100,93.517,92.284,94.04,89.814,90.022
DmelOr98a,49.777,53.657,53.83,53.592,56.987,53.109,54.652,50.923,53.823,58.035,66.364,63.035,58.674,63.602,64.676,61.715,58.596,62.495,59.501,60.337,64.355,61.952,59.413,56.826,56.058,52.44,52.523,63.118,59.118,60.542,62.172,62.704,64.523,56.21,62.371,54.142,63.405,56.378,59.866,64.261,61.171,65.852,62.985,62.513,60.246,60.911,61.358,60.375,60.043,59.807,62.626,63.142,61.66,65.032,60.615,56.429,57.319,64.388,68.828,64.731,64.716,61.063,62.377,66.42,64.613,61.975,58.345,62.887,57.534,57.328,59.407,55.15,62.854,62.661,58.345,52.616,69.125,67.642,65.508,69.244,62.156,68.465,71.055,70.542,66.001,70.938,72.518,72.204,70.087,73.198,57.262,59.295,57.162,58.377,60.55,45.758,54.205,56.414,40.195,51.675,70.351,67.584,64.186,66.551,68.39,63.74,64.378,62.01,78.178,64.226,70,88.324,87.819,93.602,100,95.094,94.371,91.041,91.236
DmelOr85a,51.561,54.012,52.622,53.23,57.471,52.514,54.861,52.78,53.811,60.231,67.751,63.423,59.857,69.625,70.584,63.473,62.699,64.646,63.956,63.72,70.532,69.573,61.094,57.625,56.627,53.642,53.661,62.044,60.45,61.812,63.267,64.249,67.402,57.798,65.938,56.625,65.266,58.084,62.68,66.13,63.521,71.087,64.789,63.25,60.686,60.822,62.106,60.76,60.385,60.897,62.94,63.915,63.334,64.987,60.165,57.071,58.749,65.787,74.52,66.108,65.143,62.017,62.732,65.799,65.47,62.792,60.946,68.29,60.554,61.078,62.064,59.505,63.057,66.678,60.672,57.007,71.565,75.397,70.663,70.753,65.92,72.547,76.245,75.043,67.528,71.575,76.332,76.319,73.795,72.397,56.941,61.622,59.967,62.2,59.654,47.235,52.566,58.129,40.885,52.626,72.003,70.152,65.215,73.677,73.731,67.706,65.156,62.279,86.304,65.635,71.387,88.436,84.332,92.157,94.942,100,93.169,90.541,90.528
DmelOr42b,48.501,49.768,49.18,49.519,52.021,49.077,50.622,48.915,54.694,57.208,64.279,62.969,57.942,60.481,73.963,60.783,64.349,64.862,58.613,61.162,62.365,61.336,61.425,58.514,57.304,54.058,54.516,65.1,57.162,61.222,61.359,62.715,61.529,55.988,59.904,53.785,65.899,58.346,61.965,67.337,61.296,74.656,63.127,60.291,57.291,63.101,60.892,60.36,58.597,60.41,63.062,64.515,60.908,63.996,58.119,55.191,57.395,65.428,74.151,66.871,65.905,59.587,61.147,66.71,65.454,64.655,59.176,64.448,60.648,60.556,61.967,57.622,60.839,62.104,59.474,52.857,70.476,67.06,63.561,65.605,58.925,70.456,66.548,65.406,63.939,65.144,66.772,66.466,64.85,64.948,58.358,58.769,63.661,62.096,58.986,44.888,52.981,59.765,41.757,50.695,72.242,74.67,68.53,82.746,76.981,74.061,62.863,61.821,84.807,68.708,70.472,86.429,86.048,94.514,94.846,93.639,100,91.726,92.691
DmelOr42a,49.07,51.453,50.885,51.344,51.687,48.517,49.151,50.157,53.717,62.818,70.428,73.68,63.23,72.714,74.736,70.363,63.438,73.243,65.614,63.941,63.456,69.823,62.939,59.509,58.682,53.806,53.85,66.666,65.008,67.051,67.331,65.86,70.502,60.25,68.241,57.43,69.715,63.758,69.494,73.496,61.937,74.212,73.293,69.913,56.031,57.915,59.237,57.372,58.989,56.757,59.327,60.997,60.394,61.736,58.805,57.159,55.932,64.399,65.925,63.369,61.906,57.944,58.666,61.274,61.131,59.917,58.872,59.994,58.536,58.578,60.091,55.954,63.564,64.906,59.699,50.252,70.077,74.305,71.819,77.525,69.636,77.734,75.179,76.379,70.864,74.828,80.644,76.266,70.948,70.726,57.835,59.011,57.445,57.953,56.714,43.022,51.927,54.927,38.666,51.863,70.606,69.988,69.711,73.241,73.955,69.527,61.636,60.59,84.176,66.101,69.79,87.615,82.508,91.919,93.189,92.642,93.369,100,90.367
DmelOr43b,50.613,52.09,51.523,51.448,53.126,51.141,51.374,48.853,51.35,55.044,57.735,60.481,56.427,59.724,63.085,59.659,60.059,62.027,56.271,59.055,59.365,57.831,56.442,53.662,52.596,48.373,49.535,59.385,53.174,58.785,58.304,58.26,57.449,53.667,55.757,53.711,60.427,53.551,57.287,61.362,57.439,68.785,58.463,59.27,57.954,64.099,63.089,62.134,57.173,61.048,64.85,65.572,63.643,67.59,53.724,52.192,53.864,62.933,72.395,63.912,63.781,62.436,61.147,67.511,65.309,64.189,60.792,65.175,59.831,60.366,62.459,57.79,60.669,60.819,56.948,54.826,70.576,69.832,65.351,64.634,60.427,68.923,65.871,65.187,65.227,65.426,67.042,66.718,65.221,65.332,57.734,61.454,61.916,59.866,58.002,40.8,52.293,55.497,40.63,48.203,71.93,67.101,68.369,73.967,75.822,65.913,61.303,60.749,80.463,65.638,68.419,85.038,84.519,91.535,92.921,91.846,93.664,89.59,100